行政區,站點名稱,可借車輛,可還空位,總車位數,營運狀態,地址,更新時間
大安區,捷運科技大樓站,1,27,28,正常營運,復興南路二段235號前,
大安區,復興南路二段273號前,14,7,21,正常營運,復興南路二段273號西側,
大安區,國北教大實小東側門,2,25,28,正常營運,和平東路二段96巷7號,
大安區,和平公園東側,7,4,11,正常營運,和平東路二段118巷33號,
大安區,辛亥復興路口西北側,11,5,16,正常營運,復興南路二段368號,
大安區,復興南路二段280號前,7,20,27,正常營運,復興南路二段280號,
大安區,復興南路二段340巷口,4,7,11,正常營運,復興南路二段342號,
大安區,新生南路三段52號前,8,9,17,正常營運,新生南路三段52號,
大安區,新生南路三段66號前,12,4,16,正常營運,新生南路三段66號東側,
大安區,新生南路三段82號前,10,10,20,正常營運,新生南路三段82號,
大安區,辛亥路一段30號前,2,6,8,正常營運,辛亥路一段30號,
大安區,和平復興路口西北側,3,6,9,正常營運,復興南路二段236號,
大安區,羅斯福路三段311號前,4,7,11,正常營運,羅斯福路三段311號,
大安區,大安運動中心停車場,4,15,19,正常營運,敦南街76巷28號,
大安區,羅斯福路三段245號前,1,7,8,正常營運,羅斯福路三段245號,
大安區,溫州公園,5,6,11,正常營運,羅斯福路三段283巷11號,
大安區,和平臥龍街口,5,19,24,正常營運,臥龍街1號,
大安區,溫州停車場,0,5,5,暫停營運,新生南路三段54巷/溫州街口,
大安區,銘傳國小側門,6,1,7,正常營運,羅斯福路四段21號旁天橋下,
大安區,捷運公館站(2號出口),36,29,99,正常營運,捷運公館站(2號出口)外側,
大安區,第二學生活動中心,69,18,87,正常營運,羅斯福路四段107號(西南側),
大安區,臺灣科技大學正門,47,3,50,正常營運,基隆路四段43號(臺灣科技大學正門旁小側門靠田徑場),
大安區,臺灣科技大學側門,35,62,97,正常營運,基隆路四段73巷與基隆路口,
大安區,公館公園,14,16,30,正常營運,羅斯福路四段113巷基隆路四段41巷口,
大安區,臺灣科技大學後門,1,38,39,正常營運,基隆路四段41巷68弄臺科帆船大樓旁,
大安區,臺大醫學院附設癌醫中心,14,6,20,正常營運,基隆路三段155巷57號西側,
大安區,臺大環研大樓,1,40,41,正常營運,芳蘭路/基隆路三段155巷口,
大安區,臺大永齡生醫工程館,15,19,34,正常營運,芳蘭路51號西北側,
大安區,臺大男七舍前,0,20,20,正常營運,長興街/長興街80巷口西側,
大安區,臺大男一舍前,1,60,61,正常營運,長興街50號西北側,
大安區,臺大男六舍前,2,38,40,正常營運,大安區長興街31號,
大安區,臺大動物醫院前,1,17,18,正常營運,基隆路三段155巷/基隆路四段口,
大安區,臺大土木研究大樓前,10,14,24,正常營運,辛亥路三段188號,
大安區,臺大萬才館前,0,20,20,正常營運,臺大萬才館北側,
大安區,臺大國青大樓宿舍前,2,18,20,正常營運,辛亥路三段30號西北側,
大安區,臺大社科院圖書館前,18,9,27,正常營運,辛亥路與復興南路口西南側,
大安區,臺大法人語言訓練中心前,6,22,28,正常營運,臺大法人語言訓練中心北側,
大安區,臺大綜合體育館停車場前,15,10,25,正常營運,臺大綜合體育館北側,
大安區,辛亥新生路口東南側,26,23,50,正常營運,辛亥新生路口東南側,
大安區,基隆長興路口東側,0,15,15,正常營運,基隆長興路口東側,
大安區,國北教大側門南側,1,33,34,正常營運,敦南街51號,
大安區,和平實小東北側,0,25,25,正常營運,敦南街73號,
大安區,大安區健康服務中心,19,3,23,正常營運,辛亥路三段15號,
大安區,辛亥泰順街口,2,18,20,正常營運,辛亥泰順街口東南側,
大安區,臺北市芳和實驗中學,74,2,76,正常營運,臥龍街170號(前),
大安區,臥龍樂業街口,20,44,64,正常營運,臥龍街234-2號,
大安區,臥龍公園,0,25,25,正常營運,辛亥路三段223號西側,
大安區,嘉興公園,21,23,44,正常營運,樂業街101巷3號西北側,
大安區,捷運麟光站(2號出口),11,57,69,正常營運,和平東路三段420號東北側,
大安區,捷運六張犁站,4,59,64,正常營運,和平東路三段410號,
大安區,喬治工商,2,20,22,正常營運,基隆路二段166號,
大安區,法治公園,19,22,41,正常營運,通化街189號西側,
大安區,捷運臺電大樓站(2號出口),0,18,18,正常營運,辛亥路一段/羅斯福路三段口北側(辛亥路側),
大安區,和平金山路口,13,45,58,正常營運,和平東路一段/金山南路二段西南側,
大安區,和平龍泉街口,7,21,34,正常營運,和平東路一段/龍泉街口西南側,
大安區,和平泰順街口,5,13,19,正常營運,和平東路一段/泰順街口東南側,
大安區,臺灣師範大學(圖書館),40,0,40,正常營運,和平東路一段129號前,
大安區,捷運古亭站(6號出口),11,49,60,正常營運,羅斯福路二段41號前,
大安區,捷運古亭站(5號出口),0,14,14,暫停營運,和平東路一段19號前,
大安區,臺北市立圖書館(總館),56,11,67,正常營運,建國南路二段/建國南路二段151巷(橋下空間),
大安區,新生和平路口東北側,13,38,51,正常營運,新生南路二段與和平東路二段口東北側,
大安區,建國和平路口西北側,44,6,50,正常營運,建國南路二段與和平東路二段口西北側,
大安區,金華公園,24,19,44,正常營運,金華街249號對面,
大安區,捷運東門站(3號出口),0,0,18,暫停營運,信義路二段128號前,
大安區,金甌女中,1,14,15,正常營運,信義路二段與杭州南路二段東南側,
大安區,金杭公園,5,15,20,正常營運,愛國東路21巷與杭州南路二段25巷口東南側,
大安區,愛國金山路口,24,33,57,正常營運,愛國東路與杭州南路二段口西南側,
大安區,敦化南路二段293巷口南側,2,12,14,正常營運,敦化南路二段293巷口南側,
大安區,敦化基隆路口,22,16,38,正常營運,敦化南路二段218號,
大安區,安和路二段181巷口,19,10,29,正常營運,安和路二段185號,
大安區,臨江街夜市(通化街101巷口),0,30,30,正常營運,通化街111號,
大安區,臨江街夜市(基隆路),4,24,29,正常營運,基隆路二段108號,
大安區,台北科技大學億光大樓,32,27,59,正常營運,忠孝東路三段81號,
大安區,新生南路一段119巷口,16,48,64,正常營運,新生南路一段113號,
大安區,幸安國小(仁愛路),2,26,28,正常營運,仁愛路三段22號,
大安區,民榮公園,5,26,31,正常營運,建國南路一段304巷45號南側,
大安區,復興南路1段340巷口,15,35,50,正常營運,復興南路一段信義路三段147巷45弄口,
大安區,建國濟南路口,12,41,54,正常營運,建國南路一段/濟南路三段口(東南側),
大安區,捷運忠孝復興站(2號出口),21,8,29,正常營運,復興南路一段/仁愛路三段123巷13弄(西北側),
大安區,捷運大安站(4號出口),3,13,16,正常營運,信義路4段6號(前),
大安區,捷運大安站(2號出口),21,39,60,正常營運,信義路3段143號(前),
大安區,信義大安路口(信維大樓),14,4,18,正常營運,信義路四段74號(前),
大安區,龍門廣場,25,45,70,正常營運,敦化南路一段與敦化南路一段236巷口,
大安區,仁愛安和路口,22,11,33,正常營運,仁愛路四段258號前,
大安區,信義敦化路口,30,22,52,正常營運,信義路四段155號前,
大安區,仁愛國中,5,20,25,正常營運,安和路一段75號(對面),
大安區,捷運信義安和站(2號出口),6,18,24,正常營運,信義路四段188號前,
大安區,八德市場,17,13,30,正常營運,市民大道三段170號,
大安區,昌隆公園,14,2,16,正常營運,市民大道三段206號西側,
大安區,捷運大安森林公園站(2號出口),44,25,69,正常營運,捷運大安森林公園站(2號出口)西側,
大安區,信義延吉街口,13,2,15,正常營運,信義路四段353號,
大安區,光信公園(光復南路456巷),20,5,25,正常營運,延吉街249號,
大安區,僑安地下停車場(2號出口)東南側,3,25,28,正常營運,光復南路290巷5號,
大安區,建國南路一段279巷口,37,25,62,正常營運,建國南路一段275號,
大安區,捷運忠孝新生站(6號出口),19,16,35,正常營運,新生南路一段101號,
大安區,捷運忠孝新生站(4號出口),3,43,46,正常營運,忠孝新生路口北側,
大安區,大安高工,10,12,23,正常營運,復興南路二段52號(前),
大安區,捷運忠孝新生站(3號出口),11,32,43,正常營運,忠孝東路三段與10巷口,
大安區,瑠公公園,15,4,20,正常營運,忠孝東路四段49巷4弄/大安路口,
大安區,敦化市民路口,5,17,23,正常營運,敦化南路1段158號(前),
大安區,捷運大安森林公園站(5號出口),1,13,15,正常營運,捷運大安森林公園站(5號出口)東側,
大安區,信義建國路口,36,16,52,正常營運,建國南路二段與信義路三段口西南側,
大安區,東豐公園,10,9,19,正常營運,東豐街24號(旁公園路側),
大安區,德安公園(四維路66巷),1,21,22,正常營運,四維路66巷6號北側,
大安區,捷運忠孝復興站(5號出口),30,0,30,正常營運,復興南路一段135巷口,
大安區,捷運忠孝敦化站(2號出口),9,8,17,正常營運,忠孝東路四段221號,
大安區,捷運忠孝敦化站(7號出口),13,5,18,正常營運,忠孝東路四段143號,
大安區,忠孝東路四段223巷口(市民大道側),0,25,25,暫停營運,忠孝東路四段223巷77號北側,
大安區,瑞安街208巷,7,8,15,正常營運,瑞安街208巷39號對面,
大安區,樂利路21巷口,3,12,17,正常營運,樂利路25號,
大安區,捷運科技大樓站(台北教育大學),48,5,54,正常營運,和平東路二段134號前,
大安區,捷運國父紀念館站(2號出口),29,33,62,正常營運,忠孝東路四段/光復南路口(西南側),
大安區,仁愛醫院,31,5,36,正常營運,仁愛路四段/大安路一段口(西南側),
大安區,捷運信義安和站(4號出口),38,11,49,正常營運,信義路四段252號前,
大安區,成功國宅,0,36,36,正常營運,和平東路三段1巷/四維路198巷口(西北側),
大安區,仁愛延吉街口,19,14,33,正常營運,仁愛路四段376號前,
大安區,捷運信義安和站(1號出口),31,17,49,正常營運,信義路四段225號前,
大安區,敦化南路二段103巷口,6,18,24,正常營運,敦化南路二段99號前,
大安區,復興南路二段128巷口,21,10,31,正常營運,復興南路二段142之1號前,
大安區,和平東建國南路口,17,0,17,正常營運,和平東路/建國南路口(北側),
大安區,芳蘭山莊,1,15,16,正常營運,基隆路三段155巷148號,
大安區,復興南路一段126巷口,1,14,15,正常營運,復興南路一段126巷1號前,
大安區,捷運東門站(5號出口),6,22,28,正常營運,信義路二段178號前,
大安區,仁愛路四段48巷口,6,6,12,正常營運,仁愛路四段48巷/東豐街(北側),
大安區,捷運公館站(3號出口),28,70,99,正常營運,捷運公館站(3號出口)西側,
大安區,臺北科技大學(電機工程系),26,6,34,正常營運,忠孝東路三段100號對側,
大安區,新生南路三段94巷口,14,1,15,正常營運,新生南路三段94號前,
大安區,辛亥新生路口西北側,14,25,40,正常營運,辛亥路一段/新生南路三段(西北側),
大安區,捷運大安站(6號出口),15,14,29,正常營運,復興南路一段303號前,
大安區,臥龍街195巷口,12,2,14,正常營運,臥龍街/臥龍街195巷(南側),
大安區,辛亥路三段157巷口,1,25,27,正常營運,辛亥路三段與辛亥路三段157巷口西北側,
大安區,臥龍基隆路口,5,19,25,正常營運,臥龍街與基隆路二段口東北側,
大安區,敦親公園,0,25,26,正常營運,和平東路二段96巷8之1號(前方),
大安區,大安運動中心,21,12,33,正常營運,辛亥路三段55號前方人行道(大安運動中心),
大安區,和平敦化路口,3,33,36,正常營運,和平東路三段 / 敦化南路二段口(東側),
大安區,基隆長興路口,0,51,51,正常營運,基隆路/長興街(東南側),
大安區,仁愛路四段122巷口,13,12,25,正常營運,仁愛路四段118號前,
大安區,市民敦化路口,8,24,32,正常營運,敦化南路一段111號前,
大安區,忠孝東路四段49巷口,7,8,15,正常營運,忠孝東路四段55號前,
大安區,市民復興路口(東南側),13,13,26,正常營運,市民大道四段/復興路一段口(東南側),
大安區,和平新生路口西南側,7,16,24,正常營運,新生南路三段2號前,
大安區,全安公園,3,13,16,正常營運,安和路二段227巷16號對側,
大安區,信義路三段134巷口,14,14,28,正常營運,信義路三段/信義路三段134巷口,
大安區,仁愛敦南圓環(東南側),6,10,16,正常營運,仁愛路四段110號前,
大安區,臺北遠企購物中心,12,21,33,正常營運,敦化南路二段201號前,
大安區,外交部外交及國際事務學院,13,13,26,正常營運,敦化南路一段280號,
大安區,四維路170巷口,1,21,22,正常營運,敦化南路二段92號對側中央分隔島,
大安區,捷運大安站(3號出口),29,17,46,正常營運,信義路三段184號前,
大安區,捷運臺電大樓站(2號出口)_1,1,37,38,正常營運,羅斯福路三段201號旁,
大安區,信義路四段199巷,12,9,21,正常營運,信義路四段199巷/安和路一段90巷口,
大安區,臺大資訊大樓,18,57,76,正常營運,辛亥路二段(臺大外語學院外),
大安區,敦化南路二段81巷,6,33,40,正常營運,敦化南路二段與敦化南路二段81巷口西北側,
大安區,原臺北刑務所官舍,15,8,23,正常營運,金華街78號對側,
大安區,捷運國父紀念館站(1號出口),4,20,24,正常營運,光復南路200巷26號東側,
大安區,懷生國中,2,22,24,正常營運,忠孝東路三段248巷30號,
大安區,仁愛敦南圓環(西北側),12,8,20,正常營運,仁愛路四段85號前,
大安區,立人國小,5,12,17,正常營運,安和路二段/敦化南路二段81巷(西南側),
大安區,和平東路二段18巷口,1,23,24,正常營運,辛亥路二段43號前,
大安區,捷運大安站(5號出口),6,20,26,正常營運,復興南路二段/信義路四段(東南側),
大安區,臨江公園,1,22,23,正常營運,通化街143巷33號對側,
大安區,羅斯福路四段113巷19弄口,3,11,14,正常營運,羅斯福路四段119巷84號對側,
大安區,忠孝東路四段248巷口,10,15,25,正常營運,忠孝東路四段230號前,
大安區,仁愛延吉路口(西北側),5,19,24,正常營運,仁愛路四段363號前,
大安區,樂利路101巷口,3,10,13,正常營運,樂利路97號前,
大安區,羅斯福浦城街口,4,21,25,正常營運,羅斯福路三段117號前,
大安區,敦化南路一段295巷口,5,13,18,正常營運,敦化南路一段295巷1號,
大安區,通安區民活動中心,0,28,28,暫停營運,通安街129號對面,
大安區,復興忠孝東路口(東南側),27,1,28,正常營運,復興南路一段191號前,
大安區,仁愛大安路口(東北側),13,8,21,正常營運,仁愛路四段37號前,
大安區,臺灣師範大學(浦城街),5,14,20,正常營運,浦城街1號對側,
大安區,安和路二段69巷口,3,17,20,正常營運,安和路二段/安和路二段69巷,
大安區,大安國小,0,25,25,正常營運,臥龍街131巷11弄與樂業街108巷口,
大安區,捷運古亭站(3號出口),7,8,15,正常營運,羅斯福路二段81-1號前,
大安區,捷運忠孝復興站(3號出口),21,15,37,正常營運,忠孝東路四段48號前,
大安區,和平東路二段90巷,6,14,20,正常營運,和平東路二段90巷/和平東路二段76巷5弄,
大安區,光復南路420巷口,6,9,16,正常營運,光復南路438號,
大安區,富陽臥龍街口,9,9,18,正常營運,富陽街129號前,
大安區,仁愛復興路口,11,18,29,正常營運,仁愛路四段1號前,
大安區,仁愛敦南圓環(東側),10,16,26,正常營運,仁愛路四段121號,
大安區,古風公園,6,9,15,正常營運,龍泉街93巷7號對側,
大安區,和平東路二段76巷,9,30,40,正常營運,和平東路二段96巷20弄2號旁,
大安區,敦化信義路口(東南側),5,14,20,正常營運,敦化南路二段9號,
大安區,和平東路三段308巷口,9,5,14,正常營運,樂業街173號對側,
大安區,忠孝建國路口(東南側),8,13,21,正常營運,忠孝東路三段132號前,
大安區,浦城街26巷,15,2,17,正常營運,浦城街26巷8號對面,
大安區,青峰活動中心,13,12,25,正常營運,辛亥路三段(青峰活動中心),
大安區,忠孝東路三段216巷口,8,20,28,正常營運,忠孝東路三段218號前,
大安區,捷運忠孝復興站(4號出口),16,9,25,正常營運,忠孝東路四段7號前,
大安區,和平溫州街口,18,5,23,正常營運,和平東路一段187號(前),
大安區,國立臺北教育大學創意館,4,26,32,正常營運,復興南路二段337巷6弄14號對側,
大安區,捷運忠孝復興站(1號出口),3,23,27,正常營運,忠孝東路三段303號,
大安區,政大公企中心,8,5,13,正常營運,金華街187號(後方人行道),
大安區,大安路二段90巷口,0,18,19,正常營運,大安路二段55號(對面),
大安區,師大附中運動中心,7,25,33,正常營運,信義路三段111巷143號(旁),
大安區,錦安區民活動中心,11,9,20,正常營運,潮州街160號對側,
大安區,敦化基隆路口(東北側),7,15,22,正常營運,敦化南路二段333號(前),
大安區,龍圖公園,4,16,20,正常營運,復興南路二段78巷42弄5號對面,
大安區,新生南路二段54巷口,5,21,26,正常營運,新生南路二段50號,
大安區,臺靜農人文會館,2,10,12,正常營運,溫州街25號,
大安區,建國南路二段瑞安街264巷口,9,24,33,正常營運,建國南路二段197號(對面),
大安區,辛亥路一段77巷口,10,12,22,正常營運,辛亥路一段79號旁,
大安區,愛國東路210巷口,11,22,34,正常營運,愛國東路210巷/愛國東路(東南側),
大安區,金華國中,10,11,21,正常營運,新生南路二段32號(旁),
大安區,羅斯福路三段283巷,9,9,18,正常營運,羅斯福路三段269巷51弄9號(旁),
大安區,臺科大側門(基隆路四段73巷),9,26,35,正常營運,基隆路四段75號,
大安區,黎和公園,8,7,15,正常營運,臥龍街316號(對面),
大安區,信義四維路口,8,11,19,正常營運,信義路四段111號(前),
大安區,和平高中(辛亥基隆路口),2,53,55,正常營運,辛亥路三段188號北側,
大安區,和平東路二段107巷口,9,3,12,正常營運,和平東路二段95號(前),
大安區,信義金山路口(西南側),3,9,12,正常營運,信義路二段88號(前),
大安區,金華國中(新生南路二段30巷),2,13,15,正常營運,新生南路二段30巷19號,
大安區,羅斯福路四段123巷,11,4,15,正常營運,羅斯福路四段123巷17號對側,
大安區,捷運科技大樓站(2號出口),6,66,72,正常營運,復興南路二段224號,
大安區,羅斯福新生南路口,9,23,32,正常營運,羅斯福路四段/新生南路三段(東北側),
大同區,延平國宅,23,18,41,正常營運,延平北路五段1-1號(對面),
大同區,臺北市立圖書館大同分館,18,39,57,正常營運,重慶北路三段318號旁,
大同區,合昌宮,5,10,15,正常營運,環河北路二段371號旁,
大同區,民族延平路口,6,30,36,正常營運,延平北路三段123號北側,
大同區,重慶酒泉街口,8,36,44,正常營運,重慶北路三段260號前,
大同區,樹德公園,0,14,14,正常營運,大龍街85巷12號對側,
大同區,陳天來故居,7,9,16,正常營運,西寧北路112號前方,
大同區,臺北孔廟,16,21,37,正常營運,哈密街61號口對側人行道,
大同區,捷運圓山站(1號出口),22,59,81,正常營運,捷運圓山站(1號出口)東側,
大同區,酒泉延平路口,7,39,46,正常營運,酒泉街235號前,
大同區,重慶國中,21,43,64,正常營運,敦煌路19號前,
大同區,重慶北路三段383巷口,18,16,34,正常營運,敦煌路與重慶北路三段383巷口,
大同區,台北數位產業園區,4,20,24,正常營運,承德路三段287號前方,
大同區,民權延平路口(西北側),2,16,20,正常營運,民權西路239號前方,
大同區,民權迪化街口,11,33,45,正常營運,民權西路與迪化街一段口(橋墩下),
大同區,大稻埕公園,16,17,35,正常營運,安西街1巷7號(對側),
大同區,大龍老人住宅,3,11,14,正常營運,民族西路82號前方,
大同區,大龍峒社會住宅,10,24,34,正常營運,承德路三段210號旁,
大同區,捷運大橋頭站(2號出口),33,24,57,正常營運,捷運大橋頭站(2號出口)西側,
大同區,捷運大橋頭站(1A出口),19,11,30,正常營運,民權西路237號旁,
大同區,捷運民權西路站(2號出口),9,16,25,正常營運,捷運民權西路站(2號出口)西側,
大同區,捷運雙連站(2號出口),29,12,41,正常營運,萬全街22號對面,
大同區,捷運北門站(3號出口),31,55,86,正常營運,塔城街與鄭州路口西南側,
大同區,朝陽公園,5,5,10,正常營運,重慶北路二段62-1號旁,
大同區,永樂市場,12,22,36,正常營運,南京西路233巷103號旁,
大同區,大龍公園,3,23,26,正常營運,大龍街217號對側,
大同區,重慶涼州街口,6,7,13,正常營運,重慶北路二段180號旁,
大同區,圓山線形公園,9,17,26,正常營運,玉門街/民族西路(西北側),
大同區,圓環站,15,16,31,正常營運,重慶北路一段128號前,
大同區,重慶民族路口,3,29,32,正常營運,重慶北路三段138號前,
大同區,承德路三段8巷口,1,20,21,正常營運,承德路三段14號前,
大同區,太原廣場,12,19,31,正常營運,鄭州路23號(旁),
大同區,國順公園,2,17,20,正常營運,昌吉街117號前,
大同區,聯合醫院中興院區,10,38,48,正常營運,長安西路299號(對面),
大同區,蔣渭水紀念公園,16,31,47,正常營運,錦西街/興城街口(西南側),
大同區,迪化休閒運動公園,12,19,31,正常營運,延平北路四段200號(南側),
大同區,大同運動中心,5,11,16,正常營運,大龍街51號(旁),
大同區,重慶保安街口(家樂福重慶店),14,6,20,正常營運,重慶北路二段171號(旁),
大同區,大稻埕碼頭,10,40,52,正常營運,大稻埕疏散門(淡五號水門)外,
大同區,歸綏戲曲公園,13,12,25,正常營運,重慶北路二段/歸綏街口(南側),
大同區,民權國中(民權西路),5,20,25,正常營運,民權西路/蘭州街(西側),
大同區,承德民權路口,4,32,36,正常營運,承德路二段239號前,
大同區,南京太原路口,3,26,29,正常營運,南京西路/太原路(東側),
大同區,承德民生西路口,15,4,19,正常營運,承德路二段137號前,
大同區,太原五原路口,5,34,39,正常營運,太原路 / 五原路口(東南側),
大同區,臺北轉運站(華陰街),17,1,20,正常營運,華陰街45號(對面),
大同區,捷運民權西路站(3號出口),6,44,50,正常營運,民權西路70巷37號對面,
大同區,捷運中山站(5號出口),13,5,18,正常營運,南京西路57號前,
大同區,重慶長安路口,10,10,21,正常營運,長安西路244號(重慶路側),
大同區,承德昌吉街口,4,14,18,正常營運,承德路三段83號前,
大同區,大同16號廣場,0,14,14,暫停營運,環河北路一段/民生西路口(東南側),
大同區,捷運圓山站(2號出口),33,2,36,正常營運,承德路三段/庫倫街(東南側),
大同區,樹德公園_1,17,23,40,正常營運,大龍街/大龍街85巷(東北側),
大同區,承德鄭州路口(市民高架下),28,10,38,正常營運,承德路一段/鄭州路口(市民高架下),
大同區,成淵高中,14,11,25,正常營運,錦西街與錦西街52巷口東北側,
大同區,雙蓮國小,13,7,20,正常營運,民權西路102巷4弄25號對側人行道,
大同區,寧夏涼州街口,5,9,15,正常營運,寧夏路141號對側,
大同區,延平涼州街口,5,9,14,正常營運,延平北路二段/涼州街口(行人天橋下),
大同區,大同行政中心,6,10,16,正常營運,昌吉街63號旁,
大同區,大龍市場,6,9,15,正常營運,重慶北路三段335巷13號對面,
大同區,南京西寧北路口(西北側),7,5,13,正常營運,南京西路/西寧北路(西北側),
大同區,哈密街23巷19弄口,4,19,23,正常營運,敦煌路78號,
大同區,民權西路160巷口,3,12,15,正常營運,民權西路160巷口西側,
大同區,重慶北路三段205巷口,5,14,19,正常營運,重慶北路三段203-5號前,
大同區,承德路二段91巷口,15,5,20,正常營運,承德路二段91巷/承德路二段(東南側),
大同區,酒泉庫倫街口,10,5,15,正常營運,酒泉街52號(前),
大同區,民族西大龍街口,4,11,16,正常營運,民族西路165號(前),
大同區,承德路三段324巷口,24,21,45,正常營運,承德路三段316號(旁),
大同區,玉泉公園(鄭州路),12,8,20,正常營運,鄭州路/西寧北路(西南側),
大同區,玉泉公園(忠孝西路),21,4,25,正常營運,忠孝西路二段/西寧北路(西北側),
大同區,太平國小,3,20,23,正常營運,重慶北路二段184號旁,
大同區,明倫高中,10,22,32,正常營運,承德路三段336號旁,
大同區,伊寧重慶北路口,6,9,15,正常營運,伊寧街/重慶北路三段,
大同區,永樂國小,0,17,17,正常營運,安西街128號對面,
大同區,民權延平路口(西南側),8,6,14,正常營運,民權西路與延平北路二段口(西南側),
大同區,捷運民權西路站(1號出口),8,11,19,正常營運,捷運民權西路站(1號出口),
大同區,承德路三段301巷,4,35,39,正常營運,承德路三段299巷14號(對面公園),
大同區,捷運圓山站(庫倫街61巷口),13,21,35,正常營運,庫倫街/庫倫街61巷口(西北側),
大同區,大龍國小地下停車場,5,12,17,正常營運,哈密街45巷4號(對面),
大同區,捷運北門站(1號出口),0,26,26,正常營運,塔城街/忠孝西路二段(西北側),
大同區,重慶北路派出所,10,8,18,正常營運,重慶北路三段320-2號,
大同區,承德路三段251巷口,11,9,20,正常營運,承德路三段219號,
大同區,忠和公園,3,8,12,正常營運,歸綏街301號(旁),
士林區,劍潭抽水站,12,5,17,正常營運,通河東街325巷/通河東街口,
士林區,通河東街大南路口,6,8,15,正常營運,通河東街1段192號(旁),
士林區,福港街停車場,13,25,38,正常營運,華齡街175號(旁),
士林區,百齡國小,19,46,68,正常營運,前港街104號(對面),
士林區,雨聲街165巷口,9,15,24,正常營運,雨聲街/雨聲街165巷(西北側),
士林區,天和公園,4,12,16,正常營運,中山北路七段14巷(公園西側),
士林區,中山天母路口,10,19,29,正常營運,天母西路3-55號前人行道,
士林區,天母運動公園,23,39,62,正常營運,忠誠路二段/忠誠路二段207巷(東南側),
士林區,臺北市立大學(天母校區),24,15,48,正常營運,士東路276號至280號對面人行道,
士林區,忠誠路二段53巷,26,11,37,正常營運,忠誠路2段53巷7號(對面),
士林區,天母棒球場,16,10,26,正常營運,忠誠路二段122號(對面),
士林區,天母北天玉街口,12,10,22,正常營運,天母北路33號(前),
士林區,蘭興公園,24,37,61,正常營運,中山北路六段/士東路(西北側),
士林區,明勝公園,12,2,14,正常營運,承德路4段6巷71號(對面),
士林區,劍潭海外青年活動中心,12,11,23,正常營運,中山北路4段/通河街口,
士林區,忠誠路一段173巷口,9,2,11,正常營運,忠誠路一段177號(前),
士林區,雨農國小,7,14,21,正常營運,忠義街6號對側,
士林區,忠誠公園,5,20,25,正常營運,忠誠路一段18號(對面),
士林區,芝山抽水站,6,35,41,正常營運,至誠路二段47-49號(前),
士林區,至誠路一段305巷口,4,17,21,正常營運,至誠路一段303號(對面),
士林區,華齡公園,5,27,32,正常營運,劍潭路76號(對面),
士林區,前港公園(福德宮),5,26,31,正常營運,後港街134巷/後港街口,
士林區,華齡街185巷口,13,2,18,正常營運,華齡街188號(前),
士林區,前港公園(前港街),4,23,27,正常營運,前港街48號(對面),
士林區,百齡高中,16,11,27,正常營運,承德路四段179巷/承德路4段口,
士林區,捷運芝山站(2號出口),14,36,50,正常營運,福華路151號(對面),
士林區,臺灣戲曲中心,6,19,25,正常營運,文林路751號(南側),
士林區,捷運劍潭站(2號出口),16,33,49,正常營運,基河路18號(對面),
士林區,劍潭基河路口,37,29,66,正常營運,劍潭路基河路口(捷運站橋下空間),
士林區,志成公園,0,23,23,正常營運,雨農路7巷口,
士林區,福林國小,9,17,26,正常營運,福志路50號(對面),
士林區,中山中正路口,11,8,19,正常營運,中山北路五段609號(前),
士林區,士林運動中心,26,4,30,正常營運,士商路1號(前),
士林區,陽明高中,56,21,77,正常營運,中正路510號(前),
士林區,兒童新樂園,14,9,23,正常營運,承德路五段55號(旁公車亭),
士林區,臺北市立天文館,29,21,50,正常營運,基河路363號(前),
士林區,華聲公園,26,8,35,正常營運,華聲街17號(南側路側),
士林區,福林公園,13,12,25,正常營運,福林路/中山北路五段(東北側),
士林區,捷運士林站(2號出口),15,14,30,正常營運,中山北路五段505巷44弄2號(對面),
士林區,銘傳大學,19,7,26,正常營運,中山北路五段250號(銘傳大學對側),
士林區,士林高商,13,12,26,正常營運,士商路150號(校門旁),
士林區,蘭雅公園,27,11,38,正常營運,忠誠路二段/忠誠路二段40巷(西南側),
士林區,聯合醫院陽明院區,9,15,25,正常營運,雨聲街105號(南側),
士林區,捷運芝山站(1號出口),9,26,35,正常營運,福華路114號(對面),
士林區,至誠公園,5,15,20,正常營運,至誠路一段80號(對面),
士林區,原住民文化主題公園,12,9,21,正常營運,至善路二段280號(對面),
士林區,通河東街2段10巷口,5,10,15,正常營運,通河東街2段5號(對面),
士林區,梅林新村,7,18,25,正常營運,至善路一段/至善路一段138巷(北側),
士林區,延平北中正路口,17,13,30,正常營運,中正路613號(對面),
士林區,重慶北路四段190巷口,3,10,13,正常營運,重慶北路四段198號(前),
士林區,重慶北葫東街口,4,11,15,正常營運,重慶北路四段177號(前),
士林區,葫蘆國小,12,18,30,正常營運,環河北路三段/葫蘆街(東北側),
士林區,士林3號廣場,7,31,38,正常營運,中山北路六段81號(旁),
士林區,社正公園,3,12,15,正常營運,社中街39號(對面),
士林區,社子國小,9,2,11,正常營運,延平北路六段258巷/社中街(南側),
士林區,社中街384巷口,8,16,24,正常營運,通河西街二段194號(對面),
士林區,忠誠路一段138號,11,3,15,正常營運,忠誠路一段138號(斜前方),
士林區,社子公園,5,26,31,正常營運,永平街20巷37弄/永平街20巷11弄(社子公園南側),
士林區,國立故宮博物院,4,23,27,正常營運,力行街8號(對面),
士林區,泰北高中,14,9,23,正常營運,福林路240號(前),
士林區,後港公園,10,5,15,正常營運,通河東街二段26號(旁公園),
士林區,重慶北路四段117號,3,21,24,正常營運,重慶北路四段117號(前),
士林區,社子島島頭公園,8,14,22,正常營運,延平北路九段323號(後方堤外),
士林區,延平北路八段133巷口,5,17,22,正常營運,延平北路八段133巷42號(對面),
士林區,坤天亭,5,9,14,正常營運,延平北路八段96巷15號(前),
士林區,社子島濕地解說小築,9,6,15,正常營運,社子島濕地解說小築,
士林區,福安國中,10,14,25,正常營運,延平北路七段250號(前),
士林區,福安消防分隊,10,10,20,正常營運,延平北路七段42之7號(對面),
士林區,聖山綠地,11,4,15,正常營運,忠義街94號(旁),
士林區,芝山國小,28,9,38,正常營運,德行東路285號(德行東路283巷側人行道),
士林區,士林新天地,14,15,29,正常營運,大南路325號前方,
士林區,蘭雅國小,20,9,30,正常營運,礦溪街與中山北路六段195巷口,
士林區,中正基河路口,14,23,37,正常營運,中正路420號(基河路300巷),
士林區,福林公園(福林路),16,29,47,正常營運,福林路15號(前),
士林區,至善臨溪路口,11,37,48,正常營運,至善路一段/臨溪路(西南側),
士林區,市立圖書館葫蘆堵分館,8,10,18,正常營運,延平北路五段136巷1號前,
士林區,東山路110巷口,10,6,16,正常營運,東山路114號對側,
士林區,永平社會住宅,5,10,15,正常營運,環河北路三段261巷2號,
士林區,雨農橋,11,13,24,正常營運,福志路14巷42號(對面),
士林區,通河街76巷/承德路四段10巷口,9,5,14,正常營運,承德路四段10巷37號(旁),
士林區,芝山聖佑宮,2,23,25,正常營運,雨聲街90號旁,
士林區,至誠雨聲街口,3,6,9,正常營運,至誠路二段與雨聲街口東北側,
士林區,捷運線型公園(後街),2,26,28,正常營運,後街15號旁,
士林區,天母公園,7,5,12,正常營運,中山北路七段141巷30號對側,
士林區,基河文林路口,13,37,50,正常營運,基河路3-1號對側人行道,
士林區,文林福華路口,16,21,38,正常營運,文林路 / 福華路口(東側),
士林區,劍潭海外青年活動中心_1,8,31,39,正常營運,通河街 / 通河街2巷(南側),
士林區,社子國小_1,19,31,50,正常營運,延平北路六段/社中街(社子國小對面跨提便道橋下),
士林區,捷運劍潭站(1號出口),11,59,70,正常營運,捷運劍潭站(1號出口)北側,
士林區,德行東山路口,2,10,12,正常營運,德行東路/東山路(西北側),
士林區,重慶北通河西街口,6,6,12,正常營運,重慶北路四段276號(前),
士林區,葫蘆國小(延平北路五段285巷),4,21,25,正常營運,環河北路三段/延平北路五段285巷,
士林區,社子市場,1,14,15,正常營運,延平北路六段67號旁,
士林區,士林區農會社子分部,0,8,8,正常營運,社子街162號旁,
士林區,承德劍潭路口,15,4,19,正常營運,承德路四段與劍潭路口西側,
士林區,文林路101巷口,5,12,17,正常營運,文林路100號前,
士林區,延平北路五段257巷15弄口,8,3,11,正常營運,葫蘆街184號對側,
士林區,延平北路五段257巷4弄口,3,12,15,正常營運,延平北路五段257巷17號前,
士林區,啟明學校,12,4,16,正常營運,忠誠路二段200號(新光三越天母店)對側,
士林區,中山福國路口,3,11,14,正常營運,中山北路五段837號前,
士林區,德行公園,13,14,27,正常營運,德行西路33號對側,
士林區,承德後港街口,7,13,20,正常營運,承德路四段/後港街口,
士林區,中山北路五段698巷口,15,0,15,正常營運,中山北路五段692號前,
士林區,捷運士林站(1號出口),22,38,60,正常營運,中正路236巷/中正路口,
士林區,捷運芝山站(2號出口)_1,12,48,62,正常營運,福華路/福華路162巷(東南側),
士林區,銘傳大學(中山北路五段280巷口),4,18,23,正常營運,中山北路五段280巷口,
士林區,海光公園南側,7,5,12,正常營運,葫蘆街79號對側公園,
士林區,士商路40巷口,11,4,15,正常營運,士商路40巷2號旁,
士林區,劍潭郵局,21,11,32,正常營運,基河路/承德路四段77巷口(捷運橋下),
士林區,士東路91巷口,4,11,16,正常營運,士東路91巷3號旁,
士林區,美崙公園,9,13,22,正常營運,美崙街118號斜對面人行道,
士林區,臺北市立大學(忠誠路二段207巷),15,2,17,正常營運,忠誠路二段207巷/士東路299巷口,
士林區,天母東路8巷/忠誠路二段154巷口,17,8,25,正常營運,天母東路8巷57號對側,
士林區,美崙公園(東北側),4,21,25,正常營運,文林路587巷115號對側,
士林區,福安河濱公園,6,8,14,正常營運,延平北路七段145巷45號斜對面,
士林區,忠誠忠義街口(北側),6,7,13,正常營運,忠誠路一段125號前,
士林區,忠誠忠義街口(南側),3,10,14,正常營運,忠誠路一段109號前,
士林區,士林國小,4,11,15,正常營運,福德路與福德路48巷口,
士林區,雙溪濕地公園,8,7,15,正常營運,承德路五段與承德路五段150巷口西南側,
士林區,劍潭海外青年活動中心(志清大樓),21,9,30,正常營運,中山北路四段16號(志清大樓旁),
士林區,天和一號公園,2,13,15,正常營運,天母東路69巷/天母東路,
士林區,忠誠路二段178巷口,3,12,15,正常營運,忠誠路二段178巷13號對面,
士林區,克強磺溪街口,8,16,24,正常營運,克強路與磺溪街口西南側,
士林區,蘭雅公園(西側),13,2,15,正常營運,德行東路109巷75號東側,
士林區,福林路100巷77弄口,8,10,18,正常營運,福林路100巷/福林路100巷77弄,
士林區,福林路100巷11弄口,11,4,15,正常營運,福林路100巷11弄/福林路100巷77弄,
士林區,重慶北路四段190巷口(通河西街側),9,7,16,正常營運,通河西街一段92號對側,
士林區,承德區民活動中心,7,18,25,正常營運,承德路四段5-1號(前),
士林區,福林路255巷口,8,10,18,正常營運,福林路255巷口,
士林區,中山北路五段378巷口,10,17,27,正常營運,中山北路五段380號(前),
士林區,中山北路六段405巷,3,18,21,正常營運,中山北路六段405巷60-3號(前),
士林區,圓山育樂中心,6,16,22,正常營運,中山北路五段6號(前),
士林區,至善公園,8,16,25,正常營運,至善路/福林路254巷(北側),
士林區,社子島抽水站,6,8,15,正常營運,延平北路七段106巷353號前,
士林區,中山北路六段427巷口,4,7,12,正常營運,中山北路六段423號(前),
士林區,士林分局,11,12,24,正常營運,文林路235號(旁),
士林區,忠誠路二段98巷口,5,19,24,正常營運,忠誠路二段96號(前),
士林區,東吳大學,3,19,22,正常營運,臨溪路70號,
士林區,福志公園,12,10,22,正常營運,雨農路100巷20號旁,
士林區,德行東路331巷口,9,5,14,正常營運,德行東路331巷6號前,
士林區,天母北路87巷9弄,10,9,20,正常營運,天母北路87巷9弄5號,
士林區,重慶北路四段108號(通河西街側),11,6,17,正常營運,重慶北路四段108號,
士林區,臺灣戲曲中心(文林德行西路口),17,10,27,正常營運,文林路/德行西路口(西南側),
士林區,中山北路六段252巷口,2,8,10,正常營運,中山北路六段248號(前),
士林區,志成中正路口,6,11,17,正常營運,志成街21號(對面),
士林區,承德中正路口,10,8,18,正常營運,中正路525號(對面),
士林區,士商中正路口(西南側),13,6,20,正常營運,士商路94號(旁),
士林區,天母公園平面停車場,5,14,20,正常營運,中山北路七段191巷22弄2號(對面),
士林區,通河東街福港街262巷口,9,11,20,正常營運,通河東街一段83號旁,
士林區,明安宮,2,13,15,正常營運,延平北路七段106巷201號,
士林區,中山北路五段756巷口,15,6,21,正常營運,中山北路五段752號(前),
文山區,台北花木批發市場,26,14,40,正常營運,萬盛街/興隆路一段(西北側),
文山區,捷運萬隆站(4號出口),19,3,22,正常營運,羅斯福路5段210號(前),
文山區,捷運萬隆站(1號出口),13,21,34,正常營運,羅斯福路五段250號(前),
文山區,萬和二號公園,7,28,35,正常營運,萬隆街255號(對面),
文山區,捷運萬隆站(2號出口),5,8,18,正常營運,興隆路一段70巷/羅斯福路5段211巷26弄口,
文山區,景仁公園,1,14,16,正常營運,羅斯福路六段142巷1號(旁),
文山區,捷運景美站(2號出口),19,68,87,正常營運,景文街1號(對面),
文山區,羅斯福景隆街口,10,40,50,正常營運,羅斯福路六段/景隆街口(東南側),
文山區,景福街/羅斯福路6段142巷口,5,23,28,正常營運,景福街/羅斯福路6段142巷口,
文山區,興旺公園,12,18,30,正常營運,福興路106巷28弄96號(對面),
文山區,興福國中,14,7,21,正常營運,福興路95巷/福興路63巷4弄口,
文山區,興隆路2段203巷,11,21,32,正常營運,興隆路2段203巷108號(對面),
文山區,景美運動公園,2,24,26,正常營運,景豐街79號(旁公園),
文山區,景美醫院,5,13,18,正常營運,羅斯福路六段280號(前),
文山區,師範大學公館校區,1,13,14,正常營運,汀州路四段77號(旁),
文山區,景華街128巷口,18,10,29,正常營運,景華街124號(旁汽車格),
文山區,仙跡岩登山口(景興路),12,10,22,正常營運,景興街239號(前),
文山區,國立政治大學,46,16,62,正常營運,指南路二段153號(對面),
文山區,捷運動物園站,33,24,57,正常營運,新光路二段30號(對面),
文山區,捷運木柵站,12,34,46,正常營運,木柵路四段82巷18號前(捷運橋樑下),
文山區,捷運萬芳社區站,7,41,48,正常營運,萬芳路60號(西側廣場),
文山區,文山運動中心,14,22,36,正常營運,興隆路三段/興隆路三段192巷8弄,
文山區,捷運辛亥站,21,21,42,正常營運,辛亥路四段114號(旁人行道),
文山區,興豐公園,19,17,36,正常營運,興隆路二段123巷/興隆路二段(西北側),
文山區,木柵光輝路口,24,9,33,正常營運,木柵路一段290號(旁),
文山區,考試院,0,39,39,暫停營運,試院路(雙號)/木柵路一段(東北側),
文山區,和興路26巷口,1,37,39,正常營運,和興路44巷 / 和興路26巷口,
文山區,世新大學,7,37,44,正常營運,木柵路一段17巷1號(西側),
文山區,一壽橋,6,22,28,正常營運,樟新街64號前方,
文山區,臺北市立景美女中,20,5,25,正常營運,木新路三段/一壽街(西北側),
文山區,永安藝文館_表演36房,7,22,29,正常營運,木新路二段156號前人行道(永安市場),
文山區,忠順區民活動中心,7,27,34,正常營運,忠順街二段22號前方人行道(忠順區民活動中心),
文山區,景文中學,13,51,64,正常營運,保儀路/木柵路三段102巷口(西南側),
文山區,老泉街籃球場,9,11,20,正常營運,老泉街26巷老泉街口(籃球場前),
文山區,文山行政中心,28,12,40,正常營運,木柵路三段220號(前),
文山區,木柵公園,7,18,38,正常營運,興隆路四段50號(前),
文山區,興隆公共住宅D2區,20,5,27,正常營運,興隆路四段105巷49號(旁),
文山區,木新路3段95巷口,6,18,24,正常營運,木新路三段95巷30號(對面),
文山區,樟腳里公園,5,10,15,正常營運,木新路二段299巷15號(旁),
文山區,實踐國中,4,9,13,正常營運,忠順街一段2號(旁),
文山區,指南路3段2巷,8,5,13,正常營運,指南路三段4號(旁),
文山區,萊茵公園,5,16,21,正常營運,忠順街二段87巷25弄29號,
文山區,木柵社會住宅,2,9,12,正常營運,久康街24巷46號對側,
文山區,秀明路一段185巷口,4,16,20,正常營運,秀明路一段與秀明路一段185巷口,
文山區,秀明路一段129巷口,9,13,22,正常營運,秀明路一段129巷與秀明路一段路口,
文山區,恆光橋(老泉街),3,10,13,正常營運,老泉街/恆光街口,
文山區,萬有3號公園,10,4,14,正常營運,景隆街105號(對面),
文山區,捷運萬芳醫院站(興隆路三段115巷),14,6,20,正常營運,興隆路三段115巷2號,
文山區,興得閱覽室,8,16,24,正常營運,興隆路三段304巷145號,
文山區,辛亥生態公園,14,9,23,正常營運,辛亥路四段199號,
文山區,博嘉運動公園,3,9,12,正常營運,木柵路四段159巷16號,
文山區,仙岩公園,0,20,20,正常營運,仙岩路16巷37號旁,
文山區,政大一街口,4,10,14,正常營運,政大一街19號對側,
文山區,文山第二行政中心,21,17,38,正常營運,興隆路二段160-1號前,
文山區,移民署訓練中心,9,4,13,正常營運,興隆路三段306號,
文山區,海巡署(南側),7,3,10,正常營運,興隆路三段211號對側(公車亭後),
文山區,明道國小東南側,2,26,28,正常營運,興隆路四段109巷116號對側,
文山區,木南公園,5,12,17,正常營運,木新路二段永安街22巷口,
文山區,實踐國中(木新路三段310巷口),6,11,17,正常營運,忠順街一段木新路三段310巷口,
文山區,師範大學公館校區_1,0,33,34,正常營運,師大公館校區校門口(汀州路側),
文山區,捷運動物園站(2號出口),0,39,39,暫停營運,新光路二段28號前,
文山區,政大水岸電梯,5,5,10,正常營運,政治大學水岸電梯旁,
文山區,敦南山林,2,12,14,正常營運,木柵路四段159巷16弄(社區出入口對側),
文山區,景美污水抽水站,0,15,15,正常營運,汀州路四段10號北側人行道,
文山區,萬和三號公園(北側),6,29,35,正常營運,溪洲街107巷(公園北側),
文山區,景興國中,1,9,10,正常營運,三福街4巷與景興路46巷口,
文山區,景仁公園_1,2,28,30,正常營運,景仁街 / 羅斯福路六段142巷口(北側),
文山區,師大公館校區學二舍,1,83,84,正常營運,臺灣師範大學學二舍西側人行道,
文山區,景行公園,7,8,15,正常營運,景中街與景中街30巷口,
文山區,萬興國小,12,13,25,正常營運,秀明路二段114號公車亭旁,
文山區,辛亥路四段77巷口,4,19,23,正常營運,辛亥路四段77巷口,
文山區,景興路42巷口,1,11,12,正常營運,景興路42巷與景興路口西南側,
文山區,木柵路三段48巷,7,8,15,正常營運,木柵路三段48巷1弄口,
文山區,木柵路二段109巷,3,12,15,正常營運,木柵路二段109巷14號旁,
文山區,試院公園,8,7,15,正常營運,木柵路一段59巷29號對側,
文山區,樟樹公園,8,7,15,正常營運,忠順街一段26巷30弄1號對側,
文山區,萬美萬安街口,13,12,25,正常營運,萬美街一段/萬安街口,
文山區,興隆路二段203巷(敦南),17,10,27,正常營運,興隆路二段203巷16號,
文山區,新光秀明路口,7,8,15,正常營運,新光路一段145號前,
文山區,光輝路134巷口,7,8,15,正常營運,光輝路140號對側,
文山區,光輝公園,18,9,27,正常營運,光輝路7號後側,
文山區,木新公園,8,4,12,正常營運,木新路三段278巷11號斜對面,
文山區,興隆路二段275巷1弄口,1,12,16,正常營運,興隆路二段275巷1弄2號前,
文山區,中國科技大學,13,8,21,正常營運,興隆路三段56號,
文山區,樟新街8巷,9,8,17,正常營運,樟新街8巷9號對側,
文山區,仙岩路22巷口,22,6,28,正常營運,仙岩路26號旁,
文山區,木柵萬芳路口,6,23,29,正常營運,木柵路四段75號對側自行車道旁,
文山區,福興路78巷,13,1,14,正常營運,福興路78巷/福興路78巷10弄,
文山區,辛亥木柵路口,17,3,20,正常營運,辛亥路六段100巷對側,
文山區,興泰公園,3,9,12,正常營運,辛亥路四段166巷24號對側,
文山區,興岩社會福利綜合大樓,14,4,18,正常營運,興隆路二段88號前,
文山區,興隆路二段22巷9弄口,7,6,13,正常營運,興隆路二段22巷9弄與景興街23巷6弄口,
文山區,木新路三段155巷口,4,11,15,正常營運,木新路三段156號(前),
文山區,景興路102巷口,5,9,14,正常營運,景華街52巷/景興路102巷,
文山區,景福街223巷,2,16,18,正常營運,溪口街85巷19弄14號,
文山區,達賢圖書館,8,18,27,正常營運,政大達賢圖書館西側人行道,
文山區,捷運木柵站(西側),3,23,26,正常營運,捷運木柵站出入口(西側),
文山區,世新大學(試院路),6,10,16,正常營運,試院路102-1號對側,
文山區,興隆社會住宅D1區,10,20,31,正常營運,木柵路二段2巷52號旁,
文山區,名門社區,8,10,18,正常營運,和平東路四段77號對側,
文山區,政大國際會館,4,16,20,正常營運,秀明路二段112巷19號,
文山區,萬芳出租國宅,26,10,36,正常營運,萬寧街36巷口,
文山區,景美國小,2,23,25,正常營運,景文街108號旁,
文山區,景文街142巷口,2,14,16,正常營運,景文街與景文街142巷口(景美橋旁),
文山區,保儀路142巷,16,6,22,正常營運,保儀路142巷2號前,
文山區,和興水岸社會住宅,13,16,29,正常營運,和興路88-1號(對面),
文山區,萬芳路107巷口,9,11,20,正常營運,萬芳路111-113號(旁),
文山區,考選部國家考場,26,0,26,正常營運,木柵路一段70巷口,
文山區,明道國小(明道國宅),4,22,26,正常營運,興隆路四段109巷40號北側,
文山區,興隆社會住宅A區,18,31,49,正常營運,興隆路四段42巷1號(旁),
文山區,景興路177巷,10,1,11,正常營運,景興路177巷5號(對面),
文山區,捷運景美站(1號出口),3,18,21,正常營運,景中街2號(羅斯福路側),
文山區,秀明路二段92巷口,11,15,27,正常營運,秀明路二段86號前方,
文山區,樟新社會住宅,5,15,20,正常營運,樟新街65號西側,
文山區,忠順路二段57巷口,8,10,18,正常營運,忠順路二段58號旁,
文山區,景豐公園,10,4,18,正常營運,興隆路一段251巷3弄1號對側,
文山區,樟新區民活動中心,11,9,20,正常營運,樟新街15巷/一壽街口,
文山區,貓空纜車動物園站,13,35,48,正常營運,新光路二段8號(對側),
文山區,保儀公園(興隆路四段195巷),4,7,11,正常營運,木新路三段74巷11號北側,
文山區,景新大樓,8,8,16,正常營運,景後街151號(旁),
文山區,文山溪洲福德宮,2,25,27,正常營運,溪洲街43號,
中正區,臺北自來水事業處,12,8,20,正常營運,思源街1號東側,
中正區,汀州思源街口東南側,0,21,34,暫停營運,汀州路三段思源街口東南側,
中正區,捷運公館站(1號出口),5,7,12,正常營運,羅斯福路四段68號,
中正區,捷運公館站(4號出口),6,6,12,正常營運,羅斯福路四段48號,
中正區,捷運古亭站(9號出口),14,10,24,正常營運,羅斯福路二段100號(前方),
中正區,捷運古亭站(2號出口),5,50,55,正常營運,羅斯福路二段168號前,
中正區,捷運臺電大樓站(1號出口),9,25,34,正常營運,辛亥路一段/羅斯福路三段南側,
中正區,客家文化主題公園,0,31,31,正常營運,師大路/金門街11巷口對側人行道,
中正區,河堤國小,18,38,59,正常營運,汀洲路二段182巷內186號旁,
中正區,紀州庵,1,44,45,正常營運,水源路/同安街口(東側),
中正區,捷運臺電大樓站(5號出口),4,17,21,正常營運,羅斯福路三段126號前,
中正區,捷運臺電大樓站(4號出口),8,5,13,正常營運,師大路/羅斯福路三段西側,
中正區,羅斯福三段金門街口,8,7,15,正常營運,羅斯福路三段2號前,
中正區,牯嶺公園,38,31,69,正常營運,廈門街113巷/牯嶺街口(西側),
中正區,捷運古亭站(8號出口),6,7,15,正常營運,和平西路一段13-1號前方,
中正區,捷運古亭站(7號出口),10,2,12,正常營運,羅斯福路二段44號前方,
中正區,南昌公園,33,22,55,正常營運,和平西路一段與南昌路二段口西北側,
中正區,和平重慶路口,33,36,69,正常營運,和平西路一段/福州街口東側,
中正區,孫立人將軍官邸,23,0,23,正常營運,南昌路一段136號前,
中正區,羅斯福路二段6巷口,16,6,22,正常營運,羅斯福路二段/羅斯福路二段6巷口,
中正區,金華杭州南路口,25,26,51,正常營運,金華街口/杭州南路二段西北側,
中正區,捷運中正紀念堂站(3號出口),14,22,36,正常營運,金華街17號前方,
中正區,捷運中正紀念堂站(4號出口),12,9,21,正常營運,羅斯福路一段5號前方,
中正區,螢橋國小,21,19,41,正常營運,泉州街32號對面人行道,
中正區,古亭智慧圖書館,4,17,21,正常營運,中華路二段443巷45號前,
中正區,永昌公園,7,21,28,正常營運,詔安街224號前,
中正區,中華路二段409巷口,14,1,15,正常營運,中華路二段403號前,
中正區,南機場夜市(中華路二段),6,15,22,正常營運,中華路二段305巷至307巷,
中正區,南海和平路口西南側,16,2,19,正常營運,南海路與和平西路二段西南側,
中正區,莒光和平路口,15,5,20,正常營運,莒光路2號前,
中正區,水源路11_1號旁,5,26,31,正常營運,水源路11-1號(旁),
中正區,南門國中,23,17,40,正常營運,廣州街8巷/廣州街口東南側,
中正區,捷運小南門站(2號出口),11,13,24,正常營運,愛國西路30號之2前方,
中正區,介壽公園,6,29,35,正常營運,貴陽街懷寧街口(東北側),
中正區,中華貴陽街口,17,3,20,正常營運,貴陽街一段243之1號(前),
中正區,華山文創園區,35,2,39,正常營運,忠孝東路二段41號,
中正區,捷運善導寺站(1號出口),29,17,46,正常營運,忠孝東路一段7號,
中正區,濟南紹興路口,37,37,74,正常營運,濟南紹興路口東南側,
中正區,林森仁愛路口,10,3,13,正常營運,林森南路與仁愛路一段西北側,
中正區,中正運動中心,35,5,40,正常營運,信義路一段1號前,
中正區,信義杭州路口,9,55,64,正常營運,信義路一段21號前,
中正區,捷運善導寺站(3號出口),17,3,20,正常營運,林森南路1號南側,
中正區,捷運小南門站(1號出口),32,14,46,正常營運,愛國西路/延平南路(西北側),
中正區,延平南路133巷口,26,10,36,正常營運,延平南路162號對側,
中正區,捷運西門站(2號出口),10,26,36,正常營運,中華路一段59號旁,
中正區,寶慶博愛路口,17,29,47,正常營運,博愛路162號,
中正區,法務部,11,16,27,正常營運,重慶南路一段130號旁,
中正區,臺北市立大學(博愛校區),41,58,99,正常營運,愛國西路1號(前),
中正區,國家圖書館,45,5,50,正常營運,中山南路20號前,
中正區,市民金山路口,16,82,98,正常營運,金山市民大道口南側,
中正區,聯合醫院和平院區,8,24,32,正常營運,中華路二段33號旁,
中正區,中山堂,22,21,43,正常營運,武昌街一段與延平南路口,
中正區,中華漢口街口,7,11,19,正常營運,中華路一段與漢口街一段路口,
中正區,中華路一段21巷口,4,18,22,正常營運,中華路一段11號(斜前方),
中正區,捷運臺大醫院站(4號出口),20,40,60,正常營運,常德街1號(公園路側),
中正區,寶藏巖觀音亭,14,8,23,正常營運,汀州路三段230巷23號,
中正區,師大水源路口,0,28,28,正常營運,師大路/水源路口(東南側),
中正區,中山徐州路口,39,1,41,正常營運,中山南路/徐州路(東南側),
中正區,信義連雲街口,21,18,39,正常營運,信義路二段213號前,
中正區,臺北轉運站,43,25,68,正常營運,市民大道一段/中山北路一段(西北側),
中正區,莒光大埔街口,8,24,32,正常營運,莒光路/大埔街口(東北側),
中正區,捷運忠孝新生站(2號出口),25,7,32,正常營運,忠孝東路二段132號(東側),
中正區,光華商場,16,21,39,正常營運,新生北路一段/市民大道三段口(西側),
中正區,中山青島路口,31,9,40,正常營運,中山南路/青島東路口(東北側),
中正區,捷運中正紀念堂站(5號出口),17,12,29,正常營運,捷運中正紀念堂站(5號出口)西側,
中正區,北平東杭州北路口,9,11,20,正常營運,北平東路/杭州北路口(東北側),
中正區,王貫英先生紀念圖書館,5,10,15,正常營運,汀州路二段265號,
中正區,金山信義路口,4,21,25,正常營運,金山南路一段148號前側,
中正區,林森徐州路口,31,1,32,正常營運,林森南路/徐州路口(西南側),
中正區,徐州杭州路口,30,0,30,正常營運,徐州路/杭州南路一段口(西北側),
中正區,捷運中正紀念堂站(6號出口),16,1,17,正常營運,捷運中正紀念堂站(6號出口)北側,
中正區,捷運臺北車站(M2出口),6,14,20,正常營運,市民大道一段168號旁,
中正區,臺北市國父史蹟館(逸仙公園),8,23,31,正常營運,中山北路一段46號北側,
中正區,捷運西門站(5號出口),23,7,30,正常營運,捷運西門站(5號出口)南側,
中正區,弘道國中,7,26,33,正常營運,公園路21號西北側,
中正區,臺北市第一女子高級中學,19,9,28,正常營運,重慶南路一段165號旁,
中正區,台北市替代役中心,4,10,15,正常營運,汀州路三段8號前,
中正區,紹興徐州路口,9,7,18,正常營運,紹興南街/徐州路(東南側),
中正區,羅斯福寧波東街口,23,2,26,正常營運,羅斯福路一段/寧波東街(東南側),
中正區,自來水園區,14,24,40,正常營運,中正區思源街16號對面人行道,
中正區,仁愛林森路口,32,14,46,正常營運,仁愛路一段路口/林森南路(東北側),
中正區,捷運西門站(3號出口),15,21,36,正常營運,中華路一段/寶慶路(東南側),
中正區,仁愛金山路口,2,7,9,正常營運,仁愛路二段31號前,
中正區,杭州南路一段101巷口,0,14,14,正常營運,金山南路一段72號前,
中正區,仁愛杭州路口,4,21,25,正常營運,仁愛路一段59號旁,
中正區,龍興里活動中心,6,15,21,正常營運,三元街131號旁,
中正區,植物園,10,19,29,正常營運,和平西路二段100號前,
中正區,郵政博物館,20,4,24,正常營運,重慶南路二段45號前方(郵政博物館前),
中正區,林森北平路口,12,8,20,正常營運,林森北路與北平東路口西北側,
中正區,北平紹興路口,22,17,39,正常營運,北平東路30號對側人行道,
中正區,天津北平路口,7,18,25,正常營運,天津街1號對側人行道,
中正區,捷運忠孝新生站(1號出口),2,16,19,正常營運,捷運忠孝新生站(1號出口)後方,
中正區,捷運忠孝新生站(5號出口),5,8,13,正常營運,新生南路一段56號前方,
中正區,捷運臺大醫院站(1號出口),1,18,19,正常營運,公園路/常德街口(西側),
中正區,臺大醫院兒童醫院,9,13,22,正常營運,中山南路8號(青島西路側),
中正區,林森濟南路口(東北側),22,4,26,正常營運,林森南路/濟南路一段口(東北側),
中正區,仁愛紹興街口(南側),17,3,20,正常營運,仁愛路一段/紹興南街口(南側),
中正區,中華南海路口,3,12,15,正常營運,中華路二段343號前,
中正區,立法院台北會館,1,14,15,正常營運,博愛路217號旁,
中正區,捷運善導寺站(3號出口)(忠孝東路側),19,12,31,正常營運,忠孝東路一段/林森南路口,
中正區,國家音樂廳,22,0,22,正常營運,信義路一段(國家音樂廳西北側),
中正區,忠孝西重慶南路口,19,13,33,正常營運,忠孝西路一段100號前,
中正區,濟南路二段8巷口,11,3,14,正常營運,濟南路二段6-1號對側,
中正區,仁愛金山路口(東南側),6,8,14,正常營運,仁愛路二段48-4號前,
中正區,臺灣文學基地,4,19,23,正常營運,齊東街53巷10號,
中正區,重慶南詔安街口,9,10,19,正常營運,重慶南路三段/詔安街,
中正區,文光公園,1,27,28,正常營運,仁愛路二段65巷4號對側,
中正區,捷運中正紀念堂站(2號出口),8,4,12,正常營運,羅斯福路一段10號前,
中正區,螢圃里小公園,14,11,25,正常營運,汀州路二段135號對側,
中正區,螢橋公園,14,15,29,正常營運,和平西路一段110號旁,
中正區,泉州寧波西街口,32,15,49,正常營運,泉州街15號對側,
中正區,和平西路二段98巷口,7,8,16,正常營運,三元街81號前,
中正區,仁愛新生路口(西南側),7,11,18,正常營運,仁愛路二段110號,
中正區,幸安市場,4,11,15,正常營運,濟南路二段55號,
中正區,龍口市場,1,13,14,正常營運,汀州路一段232號對側,
中正區,捷運善導寺站(5號出口),30,1,31,正常營運,忠孝東路一段138號,
中正區,青島杭州路口,13,3,17,正常營運,青島東路/杭州南路一段,
中正區,詔安街37巷口,8,19,28,正常營運,詔安街43號前,
中正區,南海路112巷口,13,18,31,正常營運,南海路112巷1號前,
中正區,牯嶺街95巷,5,11,16,正常營運,牯嶺街95巷65號對側,
中正區,仁愛紹興路口(北側),8,15,23,正常營運,仁愛路一段43號前,
中正區,貴陽博愛路口,42,26,69,正常營運,貴陽街與博愛路口南側,
中正區,國立臺灣博物館南門館,8,13,21,正常營運,南昌路一段1號,
中正區,汀州路一段106巷口,6,12,21,正常營運,汀州路一段61號,
中正區,羅斯福路四段108巷口,4,16,20,正常營運,羅斯福路四段112號前,
中正區,公館水岸廣場,8,11,27,正常營運,水源路與思源街口,
中正區,捷運小南門站(3號出口),3,16,19,正常營運,愛國西路26號(前),
中正區,臨沂街停車場,8,25,33,正常營運,臨沂街6巷5號旁,
中正區,愛國東羅斯福路口,11,13,24,正常營運,愛國東路18號(旁),
中正區,螢橋國中,6,12,18,正常營運,汀州路三段4號(旁),
中正區,立法院中興大樓,12,1,13,正常營運,濟南路一段3-1號,
中正區,汀州南海路口,8,11,19,正常營運,汀州路一段105號前,
中正區,捷運中正紀念堂站(7號出口),2,20,23,正常營運,愛國西路2號,
中正區,羅斯福路三段210巷口,4,12,16,正常營運,羅斯福路三段218號(前),
中正區,忠義實小,5,12,17,正常營運,中華路二段307巷18號(旁),
中正區,中華路二段313巷口,13,22,35,正常營運,中華路二段313巷1號(旁),
中正區,牯嶺街9巷口,7,12,19,正常營運,牯嶺街11號(前),
中山區,通北街65巷口,4,23,27,正常營運,通北街/通北街65巷口(東北側),
中山區,圓山風景區,9,6,15,正常營運,北安路/北安路77巷口(西北側),
中山區,樂群二堤頂大道口,9,10,20,正常營運,堤頂大道二段382號(旁),
中山區,劍潭社區,4,9,13,正常營運,通北街146巷2弄2號(對面公園),
中山區,培英公園,4,36,40,正常營運,崇實路/大直街62巷(東南側),
中山區,樂群二明水路口,11,9,20,正常營運,樂群二路/明水路口(東北側),
中山區,北安大直街口,20,43,63,正常營運,北安路676號前人行道,
中山區,捷運劍南路站(2號出口),16,24,40,正常營運,捷運劍南路站(2號出口)旁,
中山區,樂群二敬業三路口,10,10,20,正常營運,敬業三路155號(前),
中山區,樂群二敬業四路口,13,23,36,正常營運,樂群二路186號,
中山區,捷運大直站(3號出口),29,4,34,正常營運,北安路536號(旁),
中山區,復興市民路口,27,23,52,正常營運,復興南路一段36-9號前人行道,
中山區,南京遼寧街口,32,9,42,正常營運,南京東路三段189號(對面),
中山區,伊通長安路口,9,10,21,正常營運,伊通街/長安東路二段(西南側路側),
中山區,新生長安路口,6,36,44,正常營運,新生北路一段/長安東路二段交叉口(北側),
中山區,市民林森路口,24,44,69,正常營運,市民大道二段/林森北路(東北側),
中山區,南京新生路口,1,35,36,正常營運,新生北路一段/南京東路一段口(橋墩下方),
中山區,一江公園,17,20,37,正常營運,一江街/松江路132巷口(西北側),
中山區,松江公園,16,26,42,正常營運,松江路/松江路84巷(西北側路側),
中山區,新生長春路口,13,19,32,正常營運,新生北路二段/新生北路二段68巷交叉口(新生橋下),
中山區,第二果菜批發市場,29,11,40,正常營運,民族東路410巷2弄18號(東側),
中山區,民生建國路口,39,8,47,正常營運,民生東路三段 / 建國北路二段口,
中山區,興安華城,10,52,62,正常營運,興安街53-4號對側,
中山區,捷運中山國中站,36,24,61,正常營運,復興北路386號南側,
中山區,龍江錦州街口,12,4,16,正常營運,龍江路287號前方,
中山區,建國長春路口,3,13,16,正常營運,建國北路/長春路口(南側),
中山區,南京建國路口,40,17,57,正常營運,南京東路二段/建國北路二段(北側),
中山區,捷運松江南京站(7號出口),41,34,75,正常營運,松江路119號前,
中山區,朱崙商場,17,20,37,正常營運,龍江路15號前,
中山區,中吉公園,7,23,30,正常營運,松江路170巷20號對側,
中山區,華山公園,15,7,22,正常營運,市民大道與長安東路一段52巷口,
中山區,建國北路一段17巷,16,29,45,正常營運,建國北路一段17巷/八德路二段137巷口,
中山區,江寧公園,4,12,16,正常營運,建國北路二段151巷30號,
中山區,民權龍江路口,19,13,32,正常營運,民權東路三段與龍江路口東南側,
中山區,捷運中山國小站(2號出口),30,48,79,正常營運,捷運中山國小站(2號出口)後方,
中山區,捷運行天宮站(3號出口),10,38,48,正常營運,松江路261號前,
中山區,林森農安街口,4,19,23,正常營運,林森北路582號(前),
中山區,捷運中山國小站(4號出口),6,14,20,正常營運,民權東路一段/民權東路一段71巷口,
中山區,農安雙城街口,3,12,15,正常營運,農安街12-1號前方,
中山區,新生德惠街口,22,13,35,正常營運,新生北路三段76號對側,
中山區,民族林森路口,9,49,58,正常營運,民族東路17號前,
中山區,臺北市立美術館,1,23,24,正常營運,花博公園5號出入口旁,
中山區,中山民族路口,16,0,16,正常營運,中山北路三段54號前,
中山區,新生高架停車場(林森北路107巷口),0,14,14,正常營運,新生北路一段與林森北路107巷口(新生高架橋下),
中山區,南京林森路口,11,11,22,正常營運,南京東路一段86號前,
中山區,仁德公園,1,17,18,正常營運,吉林路108巷與南京東路二段21巷口東南側,
中山區,中原公園,9,6,15,正常營運,新生北路二段45巷(中原公園西側),
中山區,下埤公園,0,32,33,正常營運,民族東路512巷13弄4號,
中山區,五常國中,16,25,42,正常營運,復興北路488巷2弄5號對側,
中山區,榮星花園,22,23,46,正常營運,五常街77號對側,
中山區,民權建國路口,22,28,50,正常營運,民權東路三段/建國北路三段口(東北側),
中山區,松江路431巷口,9,11,20,正常營運,松江路433號前,
中山區,新喜公園,2,10,13,正常營運,德惠街170巷22號對側,
中山區,吉林路407巷口,1,14,15,正常營運,吉林路401號前,
中山區,民族松江路口,14,3,17,正常營運,民族東路與松江路口西北側,
中山區,林安泰古厝,0,36,36,暫停營運,濱江街5號對側,
中山區,渭水八德路口,11,12,23,正常營運,渭水路54號對側,
中山區,捷運中山站(2號出口),14,19,33,正常營運,南京西路4號前,
中山區,撫順公園,14,16,30,正常營運,中山北路三段2號對側,
中山區,新生公園,10,19,29,正常營運,民族東路/吉林路口(西北側),
中山區,捷運行天宮站(1號出口),17,32,49,正常營運,松江路230號前,
中山區,林森長春路口,10,18,28,正常營運,長春路29號前,
中山區,建國農安街口,52,28,80,正常營運,建國北路/農安街口(建國橋下),
中山區,松江路77巷口,8,2,10,正常營運,松江路77巷口,
中山區,建國長安路口,12,8,20,正常營運,建國北路一段與長安東路二段口北側,
中山區,市民新生路口,8,7,15,正常營運,新生北路一段36號前,
中山區,民權吉林路口,13,13,27,正常營運,民權東路二段51號前,
中山區,中山農安街口,8,26,35,正常營運,中山北路三段25號前,
中山區,捷運行政大樓,8,6,14,正常營運,中山北路二段48巷7號前,
中山區,中吉公園(松江路188巷),8,14,22,正常營運,松江路188巷11號對側,
中山區,吉林路123巷口,4,18,22,正常營運,吉林路125號前,
中山區,國立臺北大學(臺北校區),17,21,38,正常營運,民生東路三段67號前,
中山區,錦州吉林路口,14,16,30,正常營運,錦州街174號前,
中山區,中山北路二段59巷口,0,12,12,暫停營運,中山北路二段59之3號前,
中山區,永盛公園(民生東路一段23巷),13,11,24,正常營運,民生東路一段23巷/民生東路一段27巷口,
中山區,新生錦州街口,1,18,20,正常營運,新生北路二段100號前,
中山區,濱江街199巷口,1,20,21,正常營運,濱江街199巷(八號疏散門前),
中山區,大佳社區公園,12,8,20,正常營運,濱江街154巷對側,
中山區,濱江果菜市場,3,19,22,正常營運,民族東路336號前,
中山區,興安合江路口,2,27,29,正常營運,興安街60號對側,
中山區,復興北路514巷口東側,2,10,12,正常營運,復興北路514巷66號前側,
中山區,台泥大樓,15,13,28,正常營運,中山北路二段113-133號前,
中山區,植福樂群路口,8,2,10,正常營運,植福路/樂群三路(西北側),
中山區,新興公園,5,21,26,正常營運,錦州街13巷/中山北路二段137巷口(東南側),
中山區,南京伊通街口,1,10,11,正常營運,南京東路二段178-1號,
中山區,南京龍江路口,16,8,24,正常營運,南京東路三段121號前,
中山區,撫順街41巷(崇德宮前),1,18,19,正常營運,撫順街41巷1-7號對側,
中山區,臺北市立圖書館大直分館,14,6,20,正常營運,大直街28號對側,
中山區,捷運大直站(1號出口),5,22,27,正常營運,北安路535之2號旁,
中山區,捷運松江南京站(4號出口),3,28,32,正常營運,松江路95-1至109號前方,
中山區,中429公園,6,14,21,正常營運,敬業三路177巷南側,
中山區,長春路137巷口,12,10,23,正常營運,民生東路二段134號前,
中山區,松江民生路口,5,16,21,正常營運,松江路208號前,
中山區,松江路132巷口,3,11,14,正常營運,吉林路100號對側,
中山區,長春吉林路口,6,4,10,正常營運,長春路120號前,
中山區,長春一江街口,5,5,11,正常營運,長春路135號前,
中山區,捷運松江南京站(8號出口),16,13,29,正常營運,南京東路二段101號前,
中山區,南京一江街口,3,17,20,正常營運,南京東路二段85號前,
中山區,松江長春路口,6,10,16,正常營運,松江路158號前,
中山區,經國七海文化園區,6,9,15,正常營運,北安路301號前,
中山區,民族玉門街口,3,17,20,正常營運,民族西路口與玉門街口東北側,
中山區,新生農安街口,0,15,15,正常營運,新生北路三段與農安街口(高架橋下),
中山區,稻江高級護理家事職業學校,8,6,14,正常營運,農安街77巷與農安街77巷1弄口,
中山區,捷運大直站(3號出口)_1,0,18,18,正常營運,北安路458巷41弄52之1號前,
中山區,樂群二明水路口_1,5,29,34,正常營運,樂群二路 / 明水路口(東側),
中山區,民權吉林路口(南側),30,2,32,正常營運,民權東路二段46號前,
中山區,長春龍江路口,21,18,39,正常營運,長春路與龍江路口西北側,
中山區,民權新生路口,3,23,26,正常營運,民權東路一段/新生北路三段(北側)(新生高架橋下),
中山區,建國長春路口(北側),3,26,30,正常營運,建國北路/長春路口(北側),
中山區,中山行政中心,20,10,30,正常營運,松江路/農安街口,
中山區,臺北市立美術館_1,12,28,40,正常營運,中山北路三段(花博流行館前),
中山區,劍潭社區_1,10,32,42,正常營運,通北街143號前,
中山區,濱江國小游泳池,3,13,16,正常營運,樂群二路266巷99號前,
中山區,林森公園,9,40,49,正常營運,林森北路/南京東路一段,
中山區,中428公園,13,11,24,正常營運,樂群二路30巷/樂群二路116巷61弄,
中山區,復華公園,5,15,20,正常營運,南京東路三段109巷/龍江路120巷,
中山區,新生民族路口(西南側),10,5,15,正常營運,新生北路三段/民族東路(西南側),
中山區,捷運南京復興站(1號出口),21,0,21,正常營運,捷運南京復興站(1號出口)後方(遼寧街155巷),
中山區,八德市場(北側),14,15,29,正常營運,建國南路一段/市民大道交叉口(北側),
中山區,龍江朱崙街口,3,11,14,正常營運,龍江路/朱崙街口西北側,
中山區,大直街94巷,1,12,13,正常營運,大直街94巷口,
中山區,捷運南京復興站(8號出口),5,20,25,正常營運,南京東路三段221號前,
中山區,民權建國路口(南側),3,19,22,正常營運,民權東路三段/建國北路二段(南側高架橋下),
中山區,林森德惠街口,8,8,16,正常營運,德惠街11號東側,
中山區,新生濱江街口(東南側),14,7,21,正常營運,新生北路三段/濱江街口(東南側),
中山區,新生北路一段62巷口,3,26,30,正常營運,新生北路一段64號對側,
中山區,新生長春路口(東北側),2,17,19,正常營運,新生北路二段39-2號對側,
中山區,捷運劍南路站(1號出口),5,19,25,正常營運,北安路807號,
中山區,樂群三路123號,9,25,34,正常營運,樂群三路123號,
中山區,長春路258巷2弄口,0,16,16,正常營運,長春路258巷6號北側,
中山區,長寧大廈社區(南側),7,25,32,正常營運,遼寧街201巷13號前,
中山區,建國五常街口,3,17,20,正常營運,建國北路三段/五常街,
中山區,中山北路二段62巷口,8,4,12,正常營運,中山北路二段66號前,
中山區,市民安東街口,6,30,36,正常營運,市民大道三段179號前,
中山區,市民大道二段5巷口,14,44,58,正常營運,市民大道二段/市民大道二段5巷,
中山區,捷運中山站(3號出口),11,10,21,正常營運,南京西路1號前,
中山區,建國北路高架橋下停車場G區,5,13,18,正常營運,建國北路高架橋下停車場G區,
中山區,朱崙公園,7,12,20,正常營運,龍江路45巷42號對側,
中山區,朱崙復興北路口,16,2,18,正常營運,復興北路56號,
中山區,捷運行天宮站(4號出口),36,0,36,正常營運,松江路316號旁,
中山區,建國北路三段86巷口,4,21,26,正常營運,建國北路三段/建國北路三段86巷,
中山區,正守公園,1,21,23,正常營運,長安東路一段56巷/長安東路一段,
中山區,四平松江路口,3,15,18,正常營運,松江路148號旁,
中山區,北安通北街口,15,21,36,正常營運,北安路與通北街口東北側,
中山區,民權東復興北路口(西北側),3,17,20,正常營運,民權東路三段69號前,
中山區,臺北市立大同高中,25,23,48,正常營運,長春路167號前,
中山區,中崙加油站,4,23,27,正常營運,八德路二段214號,
中山區,北安明水路口(自強隧道),3,9,12,正常營運,北安路/明水路(公車站：自強隧道),
中山區,中正國小(南京東路三段48巷),5,10,15,正常營運,南京東路三段48巷/龍江路76巷,
中山區,臺北時代廣場,17,18,35,正常營運,植福路308號前,
中山區,吉林農安街口(西北側),2,13,15,正常營運,吉林路388號,
中山區,濱江國中,23,8,31,正常營運,樂群二路266巷/基湖路112巷,
中山區,環山抽水站,10,24,34,正常營運,基湖路168號前,
中山區,民權中山路口(東北側),11,14,25,正常營運,中山北路二段171號,
中山區,復興五常街口(西南側),4,22,26,正常營運,復興北路448號,
中山區,松江長安路口,2,19,21,正常營運,松江路50號前,
中山區,長安國小,11,15,26,正常營運,吉林路15號前,
中山區,中山市場,6,10,16,正常營運,長安西路3號,
中山區,捷運雙連站(1號出口),13,4,17,正常營運,民生西路60號前,
中山區,吉林南京路口(西北側),3,19,22,正常營運,南京東路二段53號旁,
中山區,龍江路345巷,12,11,23,正常營運,龍江路345巷4號對側,
中山區,捷運劍南路站(3號出口),4,42,46,正常營運,北安路與敬業三路口東北側,
中山區,一江南京東路口(西南側),17,5,22,正常營運,南京東路二段96號旁,
中山區,大直抽水站公車站,8,19,27,正常營運,明水路/北安路458巷47弄,
中山區,民權東路三段39巷口,10,15,25,正常營運,復興北路514巷36號旁,
中山區,臺北市立中山女高,14,19,33,正常營運,長安東路二段/長安東路二段153巷,
中山區,朱昌公園,6,19,25,正常營運,合江街27號對側,
中山區,林森公園東北側,11,7,18,正常營運,新生北路二段28巷3號對側,
中山區,康樂公園西北側,9,9,18,正常營運,中山北路二段39巷20號,
中山區,中山北德惠街口,11,9,20,正常營運,中山北路三段47號,
中山區,晴光公園,16,4,20,正常營運,雙城街13巷3號對側,
中山區,松江路25巷口,14,28,42,正常營運,松江路9號前,
中山區,民生東合江街口,1,19,20,正常營運,民生東路三段30號,
中山區,飛航服務總臺,17,6,23,正常營運,濱江街357號,
中山區,內湖堤頂大道(西南側),19,5,24,正常營運,堤頂大道二段586號前,
中山區,大直派出所,4,26,30,正常營運,北安路458巷,
中山區,遼寧民生路口,1,35,36,正常營運,民生東路三段與遼寧街口西南側,
中山區,松江路184巷口,21,0,21,正常營運,松江路182號,
中山區,民權東路三段60巷,15,3,18,正常營運,民權東路三段60巷26號,
中山區,長春路258巷2弄(北側),1,18,19,正常營運,長春路201號,
中山區,中山北路二段96巷口,18,0,18,正常營運,中山北路二段96號旁,
中山區,吉林路236巷口,11,10,21,正常營運,吉林路171號,
中山區,上塔悠公園(明水路),17,13,30,正常營運,明水路480號,
中山區,中山民生東路口(東南側),11,10,21,正常營運,中山北路二段77-4號,
中山區,中山北路二段26巷,29,22,51,正常營運,中山北路二段26巷32號(旁),
中山區,八德路二段210巷口,5,16,21,正常營運,市民大道三段143號對側,
中山區,長安林森路口公車站,6,12,20,正常營運,長安東路一段26號,
中山區,市民大道二段67巷口,8,22,30,正常營運,市民大道二段65號旁,
中山區,德惠雙城街口(西側),8,10,18,正常營運,德惠街16號前,
中山區,北安路608巷明水路口,12,5,18,正常營運,北安路608巷/明水路(西北側),
中山區,新生林森北路485巷口,14,21,35,正常營運,新生北路二段/林森北路485巷(東側),
中山區,新壽公園,13,3,16,正常營運,新生北路三段3巷與吉林路口,
中山區,復興北路430巷,13,24,37,正常營運,復興北路430巷/民權東路三段75巷,
中山區,林森錦州街口,2,19,21,正常營運,林森北路438號(前),
中山區,臺北市立美術館(中山北路三段),18,2,20,正常營運,中山北路三段181號(前),
中山區,臺北市立美術館(新生北路三段),15,9,24,正常營運,臺北市立美術館北側,
中山區,南京新生路口(北側),0,24,24,暫停營運,南京東路一段/新生北路一段(橋墩下方),
中山區,永安國小(北安路554巷),11,6,17,正常營運,北安路554巷39號對面,
中山區,敬業一路36巷口,7,20,27,正常營運,敬業二路55號對面,
中山區,經濟部能源署,16,2,18,正常營運,復興北路2號,
中山區,松江路372巷口,3,12,15,正常營運,松江路374號(對面),
內湖區,文湖街21巷118弄口,4,24,28,正常營運,文湖街21巷118弄6-10號(前),
內湖區,北勢湖環保公園,12,15,27,正常營運,內湖路一段66-72號前方公園,
內湖區,洲子一號公園,15,28,43,正常營運,基湖路37號西側,
內湖區,西康公園,8,13,21,正常營運,內湖路一段225巷口,
內湖區,文湖國小,33,10,43,正常營運,文湖街21巷口北側,
內湖區,文湖街81巷10號西側,1,21,23,正常營運,文湖街81巷10號西側,
內湖區,德明財經科技大學,14,22,36,正常營運,環山路一段56號南側,
內湖區,麗山國小,54,22,76,正常營運,內湖路一段411巷19弄9號對側,
內湖區,麗山高中,18,39,57,正常營運,環山路二段141號北側,
內湖區,港華五號公園,14,2,16,正常營運,環山路二段81號西北側,
內湖區,大湖國小,8,21,29,正常營運,大湖山莊街/大湖山莊街176巷(東南側),
內湖區,安湖三號公園,6,9,16,正常營運,東湖路113巷49弄3號北側,
內湖區,東湖路113巷95弄,4,13,17,正常營運,東湖路113巷95弄13號西側,
內湖區,瑞光計程車服務站,14,6,20,正常營運,港墘路221巷2號,
內湖區,文德三號公園(江南街71巷16弄),6,9,15,正常營運,瑞光路271號東南側,
內湖區,捷運大湖公園站(2號出口),9,37,46,正常營運,成功路五段5號東側,
內湖區,康寧星雲街口,2,17,19,正常營運,康寧路一段116號,
內湖區,星雲街47號,1,21,22,正常營運,星雲街47號南側,
內湖區,捷運西湖站(1號出口),19,4,23,正常營運,環山路一段9巷9號對側,
內湖區,捷運西湖站(2號出口),7,17,24,正常營運,內湖路一段250號前,
內湖區,瑞光路583巷口,9,8,20,正常營運,瑞光路583巷/瑞光路,
內湖區,港都公園,7,8,15,正常營運,港華街57號(對面),
內湖區,環山路二段26巷口,8,14,22,正常營運,環山路二段/環山路二段26巷(西南側),
內湖區,成功金龍路口,19,17,36,正常營運,成功路四段188號,
內湖區,碧山公園,3,27,31,正常營運,內湖路三段60巷28號東側,
內湖區,金瑞公園,26,19,45,正常營運,金龍路203-8號北側,
內湖區,捷運文德站(2號出口),20,29,49,正常營運,文德路212號旁,
內湖區,陽光公園,10,11,21,正常營運,陽光街與文德路220巷口西側,
內湖區,文德二號公園(南側),5,8,13,正常營運,陽光街與陽光街68巷102弄口,
內湖區,文德二號公園(北側),1,14,15,正常營運,文德路210巷12號對側,
內湖區,瑞陽公園,1,11,12,正常營運,文德路22巷6號(對面),
內湖區,湖光國宅,10,35,45,正常營運,文德路22巷與文德路22巷74弄口,
內湖區,潭美街213號,0,12,12,暫停營運,潭美街213號南側,
內湖區,南京東路六段180號,6,15,21,正常營運,南京東路六段180號北側,
內湖區,潭美國小(南京舊宗路口),25,4,29,正常營運,行善路179號南側,
內湖區,新明路343號,1,9,10,正常營運,新明路341號北側,
內湖區,成美長壽橋(潭美街),3,19,22,正常營運,潭美街139號對側,
內湖區,內湖行政中心,6,19,25,正常營運,民權東路六段99號(前),
內湖區,樂康公園,6,14,20,正常營運,康樂街61巷73弄22-1號南側,
內湖區,安康路32巷24弄,5,16,21,正常營運,安康路32巷24弄22號,
內湖區,明美公園,25,22,47,正常營運,石潭路27號南側,
內湖區,南京東路六段368巷,20,53,73,正常營運,南京東路六段382號西南側,
內湖區,新明成功路口,15,23,38,正常營運,新明路22號,
內湖區,民權瑞光路口,38,19,57,正常營運,民權東路六段50號,
內湖區,瑞光公共住宅(瑞光路),5,25,30,正常營運,瑞光路160號,
內湖區,民權東路六段15巷,18,24,42,正常營運,民權東路六段15巷29號,
內湖區,扶輪親恩公園,18,39,57,正常營運,民權東路六段30號,
內湖區,新湖三民善街口,4,10,15,正常營運,新湖三路36號,
內湖區,內湖119號綠地,32,9,41,正常營運,南京東路六段125號南側,
內湖區,行善公園,18,7,25,正常營運,潭美街27號西側,
內湖區,三軍總醫院,39,11,50,正常營運,成功路二段424號(對面),
內湖區,福華商場,40,0,40,正常營運,民權東路六段/民權東路六段180巷(西南側),
內湖區,臺北市網球中心,25,9,34,正常營運,民權東路六段208號(前),
內湖區,捷運葫洲站(1號出口),18,18,37,正常營運,康寧路三段39號(對面),
內湖區,麗湖國小,13,14,27,正常營運,金湖路363巷11號(對面),
內湖區,金湖路347巷125弄口,4,21,25,正常營運,金湖路347巷125弄1號(對面),
內湖區,碧湖公園,6,19,25,正常營運,內湖路二段/內湖路二段103巷口(東北側),
內湖區,碧湖公園(內湖路二段103巷),8,11,19,正常營運,內湖路二段103巷76號(對面),
內湖區,貿七社區,3,14,17,正常營運,內湖路二段179巷48弄17號(旁),
內湖區,內湖區農會,8,4,12,正常營運,內湖路二段334號(前),
內湖區,捷運內湖站(2號出口),4,6,10,正常營運,成功路四段167巷6弄2號(旁),
內湖區,康寧金湖路口,13,8,21,正常營運,康寧路一段273號(對面),
內湖區,康寧路一段156巷20弄口,9,11,20,正常營運,康寧路一段156巷/康寧路一段156巷20弄(西側),
內湖區,安康公園,20,5,25,正常營運,五分街14巷31號(對面),
內湖區,安泰街83巷,12,22,34,正常營運,安泰街83巷3號(對面),
內湖區,內溝溪生態展示館,9,6,16,正常營運,康樂街236-3號(前),
內湖區,捷運港墘站(2號出口),43,4,47,正常營運,內湖路一段520號,
內湖區,東湖國中,5,37,42,正常營運,康樂街125巷4號(對面),
內湖區,石潭公園(安康路),20,20,41,正常營運,安康路28號西北側,
內湖區,內湖垃圾焚化廠,18,2,20,正常營運,安康路290號西側,
內湖區,康寧公園(北側),8,14,22,正常營運,康寧路三段60號南側,
內湖區,康寧路三段54巷口,7,8,15,正常營運,康寧路三段54-5號西側,
內湖區,行善路25巷口,0,21,21,正常營運,行善路39號(前),
內湖區,新明路460巷口,11,11,22,正常營運,南京東路六段122號(斜前方),
內湖區,下灣公園,16,14,30,正常營運,民權東路六段206巷/民權東路六段190巷75弄(西北側),
內湖區,民權東路六段245巷口,4,13,17,正常營運,民權東路六段247號(前),
內湖區,東湖國小,19,10,29,正常營運,東湖路與東湖路113巷口東側,
內湖區,捷運內湖站(1號出口),11,17,28,正常營運,成功路四段182巷/成功路四段口(西側),
內湖區,瑞光港墘路口,20,9,30,正常營運,港墘路185號前,
內湖區,瑞湖陽光街口,34,0,34,正常營運,瑞湖街101號對側,
內湖區,金龍公園,3,11,15,正常營運,金龍路112巷口(金龍公園側),
內湖區,星雲街138巷1弄口,4,17,21,正常營運,星雲街138巷18號,
內湖區,東湖一號公園,0,19,19,暫停營運,康寧路三段189巷163弄13號東南側,
內湖區,東湖二號公園,4,21,25,正常營運,康寧路三段99巷39弄70號東南側,
內湖區,康湖二號公園(康寧醫院),8,17,25,正常營運,成功路五段420巷17號東側,
內湖區,堤頂大道新湖一路口,10,10,20,正常營運,堤頂大道一段215號前,
內湖區,下灣公園(成功路),7,9,16,正常營運,成功路二段189號北側,
內湖區,舊宗行善路口,3,19,22,正常營運,行善路179號西側,
內湖區,新湖二路250巷口,19,1,20,正常營運,新湖二路/新湖二路250巷(西南側),
內湖區,成功路四段41巷口,15,0,15,正常營運,成功路四段41巷6號前側,
內湖區,金湖星雲街口,18,12,30,正常營運,金湖路83號對側,
內湖區,國防醫學院,8,17,25,正常營運,民權東路六段161號前側,
內湖區,民權東路六段190巷117弄口,13,12,25,正常營運,民權東路六段190巷117弄15號對側,
內湖區,內湖運動中心,18,3,21,正常營運,洲子街12號前,
內湖區,九華公園,19,6,25,正常營運,文湖街21巷68弄25-6號北側,
內湖區,內湖路二段179巷口,9,13,22,正常營運,內湖路二段179巷242號對側,
內湖區,行善行愛路口,5,7,12,正常營運,行善路243號(前),
內湖區,民善新湖二路口(家樂福內湖店),6,17,23,正常營運,民善街88號(旁),
內湖區,統振大樓,8,17,25,正常營運,安美街181號前,
內湖區,陽光街161巷口,6,10,16,正常營運,陽光街161巷14號對側,
內湖區,潭美公園(南京東路六段368巷),7,17,25,正常營運,南京東路六段366號對側,
內湖區,西康二號公園,10,8,21,正常營運,文湖街60巷/環山路一段24巷(北側),
內湖區,三民國中(民權東路六段47巷),1,12,13,正常營運,民權東路六段47巷6號對側,
內湖區,瑞光路76巷口,7,5,12,正常營運,瑞光路102號前,
內湖區,捷運東湖站,11,50,62,正常營運,安康路315巷/五分街14巷(西側),
內湖區,新湖國小,7,16,23,正常營運,民權東路六段/成功路二段320巷31弄(東南側),
內湖區,碧山內湖路口,1,15,16,正常營運,內湖路三段72巷15號西側,
內湖區,民權東路六段413巷,9,16,25,正常營運,民權東路六段409號前,
內湖區,宏匯瑞光廣場(瑞光路),3,13,16,正常營運,瑞光路353號前(瑞光路側人行道),
內湖區,宏匯瑞光廣場(港墘路),13,5,20,正常營運,瑞光路355號前(港墘路側人行道),
內湖區,康樂街151巷,6,18,24,正常營運,康樂街151巷/康樂街,
內湖區,內湖路一段360巷,15,0,15,正常營運,內湖路一段358號,
內湖區,成功路三段83號前,2,15,17,正常營運,成功路三段83號前,
內湖區,內湖路一段47巷,9,8,22,正常營運,內湖路一段47巷/內湖路一段47巷22弄,
內湖區,陽光舊宗路口,4,16,20,正常營運,陽光街/舊宗路二段,
內湖區,安湖公園,6,9,15,正常營運,東湖路113巷95弄/康寧路三段75巷,
內湖區,湖興公園,5,11,16,正常營運,成功路二段250巷23弄/成功路二段312巷,
內湖區,安泰公園,5,10,15,正常營運,安泰街45巷11弄1號,
內湖區,安泰街(康樂橋下),9,12,21,正常營運,安泰街(康樂橋下),
內湖區,康樂綠地,6,14,20,正常營運,康樂街191巷/康樂街,
內湖區,捷運港墘站(1號出口),21,1,23,正常營運,內湖路一段663號前,
內湖區,明美公園(行善路333巷),5,11,16,正常營運,行善路333巷92號前,
內湖區,舊宗新湖三路口,16,9,25,正常營運,舊宗路一段/新湖三路(南側),
內湖區,內湖運動公園,16,9,25,正常營運,民權東路六段11巷/舊宗路二段,
內湖區,內湖路三段326巷口,11,9,20,正常營運,內湖路三段326巷/內湖路三段,
內湖區,成功公園,2,9,11,正常營運,成功路四段223巷/成功路四段223巷6弄,
內湖區,康寧路三段189巷93弄口,2,12,14,正常營運,康寧路三段189巷/康寧路三段189巷93弄,
內湖區,中國醫藥大學附設醫院臺北分院,13,3,16,正常營運,內湖路二段368號對側,
內湖區,康樂抽水站,14,11,25,正常營運,東湖路160巷23號,
內湖區,環山路三段16巷口,7,14,21,正常營運,環山路三段/環山路三段16巷口(東南側),
內湖區,文德一號綠地,6,9,15,正常營運,內湖區文德路91號旁,
內湖區,臺北花市,9,24,33,正常營運,新湖三路28號前人行道,
內湖區,行善社會住宅,4,19,23,正常營運,行愛路與新湖一路口西南側,
內湖區,康寧路三段99巷17弄口,16,2,18,正常營運,康寧路三段99巷19號對側,
內湖區,堤頂大道二段407巷口,6,9,15,正常營運,堤頂大道二段405號前,
內湖區,海德堡科技大樓,8,4,12,正常營運,堤頂大道二段473號前,
內湖區,致伸科技大樓,7,9,17,正常營運,瑞光路669號旁,
內湖區,內湖路一段288巷口,16,4,20,正常營運,內湖路一段290號前,
內湖區,大都會客運內湖站,19,6,25,正常營運,民權東路六段11巷25號對側,
內湖區,瑞湖公園,13,2,15,正常營運,民權東路六段15巷/民權東路六段19巷,
內湖區,台灣世曦大樓,7,9,16,正常營運,陽光街323號,
內湖區,遠雄時代總部,11,3,14,正常營運,瑞光路423號,
內湖區,瑞光路358巷口,8,5,14,正常營運,瑞光路/瑞光路358巷,
內湖區,大港墘公園(洲子街),14,4,18,正常營運,洲子街/瑞光路393巷,
內湖區,世紀經貿,7,9,16,正常營運,內湖路一段396號,
內湖區,民權東路六段56巷口,13,12,25,正常營運,民權東路六段56巷7號對側,
內湖區,新湖三行忠路72巷口,9,9,18,正常營運,新湖三路/行忠路72巷,
內湖區,新湖三新湖二146巷口,6,19,25,正常營運,新湖三路122、124號對側,
內湖區,舊宗新湖二路口,17,8,25,正常營運,舊宗路一段/新湖二路(南側),
內湖區,新光基湖大樓,7,12,19,正常營運,基湖路12號,
內湖區,內湖路一段120巷15弄,24,8,32,正常營運,內湖路一段120巷15弄8號對側,
內湖區,北勢湖環保公園(堤頂大道側),11,10,21,正常營運,堤頂大道二段501號前,
內湖區,達爾文大樓,7,8,15,正常營運,洲子街61號,
內湖區,東湖四號公園,7,20,28,正常營運,康樂街110巷21號對側,
內湖區,加瑪科技中心,5,8,13,正常營運,內湖路一段360巷17-19號,
內湖區,福壽公園,1,13,14,正常營運,星雲街156號對側,
內湖區,捷運西湖站(1號出口)內湖路側,18,2,20,正常營運,內湖區內湖路一段289號,
內湖區,威剛科技總部,32,20,52,正常營運,潭美街537號前,
內湖區,太陽科技廣場,12,3,15,正常營運,內湖路一段91巷16號對側,
內湖區,瑞光路316巷,4,15,20,正常營運,瑞光路316巷35號,
內湖區,文德路220巷口,7,13,20,正常營運,文德路與文德路220巷口西南側,
內湖區,長壽抽水站,11,9,20,正常營運,安美街38號前方,
內湖區,捷運葫洲站(2號出口),11,9,20,正常營運,康寧路三段16巷6號斜對面,
內湖區,五分埤,11,5,16,正常營運,康樂街201巷25-35號對側,
內湖區,環山路三段1巷(麗山高中),9,9,18,正常營運,環山路三段15號對面,
內湖區,潭美公園(南京東路六段482號),14,15,29,正常營運,南京東路六段482號,
內湖區,美善公園,14,7,22,正常營運,行善路59巷40弄20號對側,
內湖區,潭美公園(新明路298巷),22,4,26,正常營運,南京東路六段242號對側,
內湖區,麗山國小(內湖路一段411巷),14,8,22,正常營運,內湖路一段411巷/港華街,
內湖區,行善路417巷,14,11,26,正常營運,行善路417巷30號對側,
內湖區,明湖國小(康寧路三段165巷23弄),21,5,26,正常營運,康寧路三段165巷23弄7號前,
內湖區,康寧路三段70巷153號,7,13,20,正常營運,康寧路三段70巷153號對側,
內湖區,東湖立體停車場,15,0,15,正常營運,東湖路1號,
內湖區,明美公園(南京東路六段451巷口),22,8,30,正常營運,南京東路六段461號對面,
內湖區,文德路66巷14弄,4,14,18,正常營運,文德路66巷14弄16號,
內湖區,捷運東湖站(3號出口),19,11,30,正常營運,康寧路三段245巷2號對側,
內湖區,捷運大湖公園站(1號出口),16,8,24,正常營運,捷運大湖公園站(1號出口)外側,
內湖區,內湖路一段1巷口,11,9,20,正常營運,內湖路一段1巷1號,
內湖區,環山路一段136巷口,19,23,42,正常營運,環山路一段136巷1號,
內湖區,上灣公園,15,10,25,正常營運,民權東路六段210巷45號旁,
內湖區,湖興公園(成功路),12,9,21,正常營運,成功路二段276號旁,
內湖區,文德三號公園(文德路),14,7,21,正常營運,文德路50號旁公園,
內湖區,康寧路一段218巷2弄口,6,12,18,正常營運,康寧路一段242號前,
內湖區,星雲街210巷口,1,15,16,正常營運,星雲街210巷26號對面,
內湖區,成功路二段406巷口,14,6,20,正常營運,成功路二段390號(前),
內湖區,捷運東湖站(2號出口),15,5,20,正常營運,康寧路三段/五分街口西側,
內湖區,民權東路六段280巷155弄口,12,9,21,正常營運,民權東路六段280巷155弄5號 對側,
內湖區,將軍嶺,17,6,23,正常營運,成功路二段371號,
內湖區,文湖街21巷82弄口,2,19,21,正常營運,文湖街21巷84號,
內湖區,西湖公園(內湖路一段387巷),12,13,25,正常營運,內湖路一段411巷68號對側,
內湖區,國立臺灣戲曲學院(內湖校區),20,8,28,正常營運,內湖路二段175號,
內湖區,內湖路一段285巷65弄,11,7,19,正常營運,內湖路一段285巷65弄40號斜對側,
內湖區,西湖國中,9,12,21,正常營運,環山路一段27號,
內湖區,成美疏散門,1,21,22,正常營運,潭美街285號對側,
內湖區,大湖國小(大湖山莊街173巷口),4,15,19,正常營運,大湖山莊街171號(對面),
內湖區,成功路五段450巷口,9,8,17,正常營運,成功路五段452號,
內湖區,金湖路401巷,12,10,22,正常營運,金湖路401巷20號,
內湖區,內湖國小(內湖路一段737巷51弄),13,18,31,正常營運,內湖路一段737巷51弄14號(對面),
內湖區,黃石公廟,6,15,21,正常營運,成功路五段39號,
內湖區,內湖路一段737巷/麗山街口,9,12,22,正常營運,內湖路一段737巷100號對側,
內湖區,行愛路78巷,12,9,21,正常營運,行愛路78巷25號(旁),
內湖區,港墘路1巷口,1,15,16,正常營運,港墘路11號(前),
內湖區,民權東路六段280巷69弄,15,4,19,正常營運,民權東路六段280巷69弄50-2號(對面),
內湖區,瑞光路548巷,19,8,27,正常營運,堤頂大道二段239號(前),
內湖區,內湖國小(內湖路二段76巷),13,1,14,正常營運,內湖路二段78號(對面),
內湖區,三民國中(民權東路),16,8,24,正常營運,民權東路六段45號(南側),
內湖區,內湖大坑公園,15,6,21,正常營運,民權東路六段191巷42號東側,
內湖區,金湖康寧路口(白鷺鷥山登山步道),10,5,15,正常營運,金湖路272號,
內湖區,成功路四段61巷35弄口,8,8,17,正常營運,成功路四段61巷37號,
內湖區,成美抽水站,16,9,25,正常營運,潭美街183號(旁),
內湖區,文湖公園,2,13,15,正常營運,內湖路一段91巷35弄34號,
內湖區,成功路二段/石潭路(西南側),27,18,45,正常營運,成功路二段/石潭路,
內湖區,華城橋(東湖),13,5,18,正常營運,康樂街61巷15號南側,
內湖區,成功路二段115巷口(國道一號),12,21,35,正常營運,民權東路六段180巷156號西南側(國道一號橋下),
內湖區,康寧路三段56巷198號,3,13,16,正常營運,康寧路三段56巷198號旁,
內湖區,內湖路一段715巷口,2,13,15,正常營運,內湖路一段699號旁,
內湖區,成功路三段187巷口,16,1,17,正常營運,成功路三段177號(前),
內湖區,江南街41巷3弄,9,11,20,正常營運,江南街41巷3弄1號西側,
內湖區,民權東路六段280巷45弄口,4,9,13,正常營運,民權東路六段280巷45弄/民權東路六段280巷,
內湖區,成功路三段12巷口,6,12,18,正常營運,成功路三段/成功路三段12巷(西北側),
內湖區,民權東路六段191巷口,12,10,22,正常營運,民權東路六段191巷/金湖路363巷,
內湖區,石潭公園(安康路)南側,11,30,41,正常營運,安康路12號,
北投區,承德路七段304巷口,9,15,24,正常營運,承德路七段306-308號(前),
北投區,洲美運動公園,17,8,25,正常營運,洲美街271號(對面),
北投區,榮華二明德路口,7,23,30,正常營運,明德路212號(榮華二路側人行道),
北投區,捷運明德站(1號出口),7,15,23,正常營運,西安街一段明德路口(東南側),
北投區,文林建民路口,11,25,36,正常營運,文林北路214-216號(前),
北投區,永欣綠地,15,22,37,正常營運,行義路10巷2號(旁),
北投區,關渡宮,31,31,62,正常營運,知行路360號(旁),
北投區,關渡自然公園,16,19,35,正常營運,關渡路68號(對面),
北投區,關渡醫院,2,12,14,正常營運,知行路235巷7號(對面),
北投區,捷運忠義站(1號出口),5,37,42,正常營運,中央北路四段262號(對面),
北投區,捷運關渡站(1號出口),6,93,99,正常營運,大度路三段270巷/立功街55巷(西南側),
北投區,捷運關渡站(2號出口),18,4,22,正常營運,捷運關渡站2號出口外人行道,
北投區,中央北路四段540巷口,20,11,31,正常營運,中央北路四段529號(對面),
北投區,大度立德路口,18,6,24,正常營運,大度路三段立德路口(西北側),
北投區,捷運復興崗站(1號出口),9,36,45,正常營運,中央北路三段9-1號(對面),
北投區,捷運復興崗站旅客服務中心,11,4,15,正常營運,中央北路三段185號(前方),
北投區,豐年公園,12,16,29,正常營運,大業路529號(對面),
北投區,稻香重三路口,6,9,15,正常營運,稻香重三路口(對面路側),
北投區,國防大學政治作戰學院,3,42,45,正常營運,中央北路二段167號(對面),
北投區,秀山區民活動中心,32,4,36,正常營運,秀山路50號(旁),
北投區,大業大同街口,31,10,42,正常營運,大業路671號(對面),
北投區,捷運新北投站,20,36,58,正常營運,中和街10號(對面),
北投區,捷運北投站,11,19,30,正常營運,光明路2巷3號(對面),
北投區,捷運奇岩站(三合街),12,28,40,正常營運,三合街二段486號(旁),
北投區,八仙里辦公處,2,14,25,正常營運,北投路一段臨20號(旁),
北投區,清江國小,20,38,58,正常營運,公舘路198號(對面),
北投區,大業路300巷口,11,9,20,正常營運,大業路302號(前),
北投區,立農公園,19,2,21,正常營運,承德路七段/吉利街(西北側),
北投區,北投奇岩長青樂活大樓,15,10,25,正常營運,三合街一段119號(前),
北投區,捷運唭哩岸站(2號出口),9,39,48,正常營運,西安街二段345-349號(對面),
北投區,北投運動中心,54,35,89,正常營運,石牌路一段39巷100號(旁),
北投區,陽明大學,11,45,56,正常營運,東華街二段136號(對面),
北投區,捷運石牌站(2號出口),10,52,62,正常營運,東華街一段526號(對面),
北投區,台北護理大學,20,22,42,正常營運,石牌路二段100號(前),
北投區,捷運石牌站(1號出口),21,12,33,正常營運,石牌路一段139號(對面),
北投區,振興醫院,24,12,36,正常營運,明德路365號(前),
北投區,石牌國小,3,23,26,正常營運,石牌路一段142號(對面),
北投區,振興公園,19,6,25,正常營運,天母西路109號(對面),
北投區,立農國小,18,7,25,正常營運,立農街一段201號(對面),
北投區,承德路七段280巷口,7,14,22,正常營運,承德路七段260號(前),
北投區,致遠一路二段11巷,4,18,22,正常營運,自強街61巷8號(旁),
北投區,榮富公園,1,12,13,正常營運,榮華三路2號(旁),
北投區,中正高中,12,18,31,正常營運,文林北路77號(前),
北投區,立功立德路口,32,8,41,正常營運,立德路15號(前),
北投區,桃源國中,28,21,49,正常營運,中央北路四段32號(旁),
北投區,陽明交大圖書館,14,23,37,正常營運,陽明交大圖書館後方機車停車場,
北投區,捷運新北投站(2號出口),9,14,24,正常營運,光明路225號(對面),
北投區,復興公園,3,25,28,正常營運,中和街61號對側,
北投區,承德石牌路口,13,4,17,正常營運,承德路七段與石牌路一段口北側,
北投區,承德路七段188巷口,8,8,16,正常營運,承德路七段192-198號前,
北投區,捷運明德站(3號出口),21,27,48,正常營運,西安街一段183號對側,
北投區,大豐公園,35,13,48,正常營運,大興街145號前,
北投區,洲美公園,24,6,30,正常營運,福美路199號旁,
北投區,中和街455巷11弄,12,12,25,正常營運,中和街455巷11弄6-8號(前),
北投區,洲美蜆仔港公園,5,22,27,正常營運,洲美蜆仔港公園西南側(福美路側),
北投區,文化三杏林一路口,6,11,17,正常營運,杏林一路3號(旁),
北投區,珠海復興一路口,9,19,28,正常營運,珠海路/復興一路口(東側),
北投區,裕民二路33巷,12,3,15,正常營運,裕民二路33巷/裕民六路(西北側),
北投區,新奇岩社會住宅,8,4,12,正常營運,磺港路269-271號(旁),
北投區,泉源公園,10,10,20,正常營運,珠海路145號(對側公園),
北投區,奇岩4號綠地,13,11,24,正常營運,三合街一段79巷16號(對面),
北投區,臺北健康護理大學(教研大樓),16,11,27,正常營運,石牌路二段185號對側,
北投區,奇岩一號公園,10,13,23,正常營運,三合街一段82巷127號(旁),
北投區,福星公園,16,35,51,正常營運,文林北路280號(對側公園),
北投區,中庸公園,3,9,12,正常營運,珠海路1號旁,
北投區,豐年公園_1,3,30,33,正常營運,大業路539號,
北投區,光明溫泉路口,17,13,30,正常營運,光明路148號對側人行道,
北投區,和信治癌中心醫院,6,19,25,正常營運,立德路125號,
北投區,致遠新村,6,15,22,正常營運,秀山路26號(懷遠新村社區入口南側),
北投區,北投公園露天溫泉,7,8,15,正常營運,中山路6號西側(北投溪木道西側),
北投區,中和街493巷9弄口,2,14,16,正常營運,中和街493巷9弄2號對側,
北投區,捷運北投站(1號出口),18,38,58,正常營運,光明路2巷/光明路交叉口,
北投區,石牌立農街口,16,13,29,正常營運,石牌路二段/立農街二段口,
北投區,捷運唭哩岸站(1號出口),7,13,20,正常營運,捷運唭哩岸站一(東華) 公車亭對側人行道,
北投區,大興光明路2巷口,7,6,14,正常營運,大興街50號對側人行道,
北投區,捷運忠義站(2號出口),21,12,33,正常營運,捷運忠義站(2號出口)無障礙坡道旁,
北投區,福國承德路口,10,5,15,正常營運,承德路六段80號南側,
北投區,捷運北投站(1號出口)(北投路側),37,3,40,正常營運,捷運北投站(1號出口)(北投路側),
北投區,華固創富中心,7,8,15,正常營運,承德路六段120號(北側地下室車道旁),
北投區,崇仰公園(公舘路255巷),5,14,20,正常營運,公舘路255巷43號東側道路對面,
北投區,北投文化公園(北側),14,5,20,正常營運,文化三路2號西側公園,
北投區,中和綠地,9,21,30,正常營運,中和街365號旁,
北投區,大業路65巷口,12,12,25,正常營運,大業路/大業路65巷口,
北投區,公舘承德路口,12,13,25,正常營運,承德路七段390號前,
北投區,文林北明德路口(東北側),8,7,15,正常營運,文林北路112號,
北投區,永興路一段32巷口,9,11,20,正常營運,永興路一段32巷/永興路一段,
北投區,國立陽明交通大學(甲棟),4,23,30,正常營運,立農街二段155之1號,
北投區,關渡國中,5,18,24,正常營運,知行路210巷16號前對側,
北投區,立功街55巷口,11,10,21,正常營運,立功街76號對側,
北投區,承德路七段401巷(洲美橋下),0,25,25,暫停營運,承德路七段401巷200號斜對面,
北投區,大業路(農禪寺),7,9,16,正常營運,大業路6號,
北投區,中國電影製片廠,11,4,15,正常營運,中央北路二段400號,
北投區,北投新興公園,9,6,15,正常營運,新興路/崗山路,
北投區,捷運石牌站(2號出口)(西安街一段),11,11,23,正常營運,西安街一段325號對側,
北投區,華碩立功大樓,6,9,15,正常營運,立德路115號東北側,
北投區,關渡碼頭,47,52,99,正常營運,關渡碼頭東南側,
北投區,珠海路(48號公園),13,8,21,正常營運,珠海路/48號公園公車站,
北投區,承德文林北路口(西側),8,7,16,正常營運,承德路六段483-1號前,
北投區,石牌路二段324巷口,9,6,15,正常營運,石牌路二段324巷1號(對面),
北投區,北投文化公園(中央北路),7,9,16,正常營運,中央北路一段228巷3號(旁),
北投區,泉源路23巷口,7,18,25,正常營運,泉源路23巷/泉源路,
北投區,大業路667巷口,9,11,23,正常營運,大業路673號,
北投區,幼華中學(大業路),5,21,26,暫停營運,大業路512號,
北投區,溫泉路68巷6弄口,2,16,19,正常營運,溫泉路68巷6弄15之1號(北側),
北投區,親水公園,8,12,20,正常營運,大業路527巷/中央北路二段257巷,
北投區,文林橋(文林北路75巷),0,25,25,正常營運,文林北路75巷/文林北路53巷(南側橋下),
北投區,榮華公園,1,25,26,正常營運,明德路188巷/明德路188巷10弄(東側),
北投區,北投市場(民族街口),18,6,24,正常營運,公舘路69號西側,
北投區,奇岩抽水站,15,11,26,正常營運,磺港路261號,
北投區,溫泉路81號,13,7,20,正常營運,溫泉路81-1號對面,
北投區,北投公園噴泉,9,18,27,正常營運,中山路1-8號對面,
北投區,振華公園,19,3,23,正常營運,振華街28號(對面),
北投區,三合街一段82巷62弄口,3,19,22,正常營運,三合街一段82巷71號(北側),
北投區,公舘西安街二段口,18,7,25,正常營運,公舘路/西安街二段(北側),
北投區,好市多北投店,28,34,62,正常營運,立德路117號,
北投區,薇閣高中,0,21,21,暫停營運,珠海路50號(薇閣高中大門對面),
北投區,彰化銀行北投分行,13,6,19,正常營運,大業路452巷6號,
北投區,中央北路一段197巷口,21,4,25,正常營運,中央北路一段195號西側,
北投區,福星公園地下停車場(出入口B),17,12,30,正常營運,北科路220號,
北投區,民族街36巷口,7,13,20,正常營運,民族街38號(前),
北投區,承德文承路口,11,9,20,正常營運,承德路六段335號旁,
北投區,承平福美路口,9,9,18,正常營運,承平路/福美路(西南側),
北投區,承美福國路口,25,5,30,正常營運,承美路/福國路(東南側),
北投區,北投22號線形公園共融遊戲場,11,32,43,正常營運,東華街二段198號對面,
北投區,承德路七段164巷口,11,7,18,正常營運,承德路七段166-1號(前),
北投區,光明路266號前,12,16,28,正常營運,光明路270號,
松山區,捷運松山站(4號出口),12,6,19,正常營運,八德路四段742號,
松山區,塔悠八德路口,7,26,34,正常營運,塔悠路2號(旁),
松山區,鵬程公園,2,22,24,正常營運,健康路399號北側,
松山區,中崙高中,32,53,85,正常營運,八德路四段91巷9號(對面),
松山區,捷運南京三民站(2號出口),1,18,19,正常營運,南京東路五段156號(前),
松山區,捷運南京三民站(1號出口),5,34,39,正常營運,捷運南京三民站(1號出口),
松山區,光復北路11巷口,5,26,31,正常營運,光復北路13號(旁),
松山區,捷運南京三民站(4號出口),0,12,13,正常營運,南京東路五段229號(前),
松山區,西松高中,0,14,14,正常營運,健康路325巷5弄5號(前),
松山區,民權復興路口,7,38,45,正常營運,民權東路三段119號(前),
松山區,民福三號綠地,7,12,20,正常營運,民族東路712號(對面),
松山區,民有一號公園,8,33,41,正常營運,敦化北路244巷43號(對面),
松山區,民生敦化路口,7,61,69,正常營運,敦化北路216號(對面),
松山區,松基公園,3,17,20,正常營運,長春路432號(對面),
松山區,三民路166巷口,2,10,12,正常營運,三民路166巷1號(對面),
松山區,民生活動中心,27,22,49,正常營運,民生東路五段163-1號(前),
松山區,捷運小巨蛋站(2號出口),23,2,26,正常營運,南京東路四段6號(前),
松山區,臺北市藝文推廣處,29,16,45,正常營運,八德路三段25號(前),
松山區,民生國小(敦化北路199巷),0,20,20,正常營運,敦化北路199巷15號(旁),
松山區,敦北公園,35,16,51,正常營運,敦化北路/富錦街77巷口(東南側),
松山區,民權運動公園,3,81,84,正常營運,民權東路四段/新中街口(西南側),
松山區,新東公園,18,33,51,正常營運,民生東路五段/塔悠路口(西南側),
松山區,民生光復路口,16,17,33,正常營運,光復北路266號(前),
松山區,三民公園,3,32,35,正常營運,撫遠街298號對側公園,
松山區,八德路三段74巷口,2,15,17,正常營運,八德路三段74巷95號南側,
松山區,八德路三段8巷口,3,15,18,正常營運,敦化南路1段77號(前),
松山區,三軍總醫院(松山分院),9,33,43,正常營運,光復北路/光復北路190巷口(東南側),
松山區,平安新城,1,16,18,正常營運,延壽街356巷/延壽街330巷16弄(東北側),
松山區,健康社會住宅,3,17,20,正常營運,健康路305號(前),
松山區,民權光復路口(東北側),4,35,39,正常營運,民權東路四段/光復北路(東北側),
松山區,市民東興路口,23,7,30,正常營運,東興路33號南側,
松山區,光復南路22巷口,23,5,29,正常營運,光復南路19號西側,
松山區,光復南路46巷,5,18,23,正常營運,光復南路46巷10號東側,
松山區,松山新城,7,20,27,正常營運,健康路78號(對面),
松山區,國土管理署,21,18,39,正常營運,八德路二段342號(前),
松山區,南京光復路口,28,2,31,正常營運,南京東路四段186號前,
松山區,民生立體停車場,8,16,24,正常營運,民生東路五段84號前,
松山區,健康新城,0,43,44,正常營運,健康路179號前,
松山區,健安新城,6,24,30,正常營運,三民路43巷1號前,
松山區,復盛公園,1,35,37,正常營運,八德路四段106巷/八德路四段106巷6弄口(東側),
松山區,中崙福成宮,1,26,27,正常營運,市民大道四段73號前,
松山區,捷運南京復興站(7號出口),11,4,15,正常營運,慶城街1號(東南側),
松山區,捷運南京復興站(5號出口),52,16,68,正常營運,南京東路三段262號,
松山區,塔悠疏散門,25,7,32,正常營運,民權東路五段41之1號,
松山區,臺北田徑場,19,52,71,正常營運,敦化北路/八德路三段(東北側),
松山區,捷運小巨蛋站(5號出口),16,5,22,正常營運,南京東路四段75-1號前,
松山區,敦化長春路口,21,13,34,正常營運,敦化北路112號前,
松山區,饒河疏散門(基四號疏散門),3,16,19,正常營運,松河街182號對側,
松山區,捷運松山站(2號出口),4,10,14,正常營運,八德路四段685號前,
松山區,民權東路三段106巷口,3,19,22,正常營運,民權東路三段102號前,
松山區,南京東路五段59巷口,6,11,17,正常營運,南京東路五段57號(前),
松山區,三民公園(塔悠路),5,15,20,正常營運,塔悠路/撫遠街261巷(西側),
松山區,寶清公園,10,13,23,正常營運,寶清街/寶清街30巷(北側),
松山區,西松公園,3,8,11,正常營運,健康路/南京東路五段251巷50弄(西側),
松山區,長壽公園,9,13,22,正常營運,健康路174號(旁),
松山區,復源公園,2,12,14,正常營運,八德路三段106巷62號(對面),
松山區,南京東路四段179巷口,12,1,13,正常營運,南京東路四段163號(前),
松山區,臺北田徑場(北寧路側),25,19,44,正常營運,八德路三段25號前,
松山區,西松高中(健康路325巷),4,26,31,正常營運,健康路325巷 / 健康路325巷12弄口(東北側),
松山區,南京東興路口,21,9,30,正常營運,南京東路五段 / 東興路口(北側),
松山區,捷運松山站(3號出口),22,30,52,正常營運,松山路/市民大道六段(西北側捷運3號出口),
松山區,介壽國中,23,20,43,正常營運,民生東路五段36巷/光復北路165巷,
松山區,敦化南京路口(東北側),4,20,25,正常營運,敦化北路/南京東路四段,
松山區,敦化八德路口,22,33,55,正常營運,敦化南路一段/八德路二段(西南側),
松山區,新東街51巷口,7,20,27,正常營運,三民路 / 新東街51巷口(東側),
松山區,八德立體停車場,21,13,34,正常營運,八德路/松信路(西南側),
松山區,長春慶城街口,15,13,28,正常營運,長春路431號前,
松山區,八德路四段652巷口,4,16,20,正常營運,八德路四段650號南側,
松山區,捷運松山站(1號出口),13,2,15,正常營運,八德路四段711號前,
松山區,捷運小巨蛋站(3號出口),5,23,28,正常營運,南京東路四段12號前,
松山區,捷運小巨蛋站(5號出口)_1,13,7,20,正常營運,南京東路四段/健康路(西北側),
松山區,敦化北路155巷口,12,18,30,正常營運,敦化北路151號前分隔島,
松山區,民生復興路口,6,24,30,正常營運,民生東路三段/復興北路(東南側),
松山區,市民延吉街口,13,17,30,正常營運,市民大道/延吉街(市民大道橋下空地),
松山區,龍城市場,2,20,22,正常營運,光復北路190巷35號對側,
松山區,捷運南京三民站(3號出口),21,7,28,正常營運,捷運南京三民站(3號出口),
松山區,塔悠基隆路口(麥帥一橋下),3,16,20,正常營運,南京東路五段386號前,
松山區,五常街370巷,3,8,11,正常營運,五常街370巷8號,
松山區,延壽街119巷口,6,9,15,正常營運,延壽街119巷/延壽街,
松山區,市民東寧路口,10,13,23,正常營運,市民大道五段111號前,
松山區,民福簡易綠地,4,11,15,正常營運,民族東路630號對側,
松山區,三民國小(撫遠街),1,24,26,正常營運,撫遠街390巷27號對側,
松山區,民生郵局,12,2,14,正常營運,民生東路五段191號,
松山區,民權敦化路口(西北側),11,13,24,正常營運,民權東路三段211號前人行道,
松山區,寶清八德路口(北側),11,7,19,正常營運,寶清街29號旁,
松山區,民生東路三段140巷口,5,10,15,正常營運,興安街/民生東路三段140巷,
松山區,新東延壽街口,14,10,24,正常營運,新東街1巷2號前,
松山區,健康公園,4,22,26,正常營運,健康路442號旁,
松山區,新中街4巷口,4,32,36,正常營運,三民路113巷33號,
松山區,光復北富錦街口,4,21,25,正常營運,光復北路/富錦街,
松山區,松山國小(東北側),9,14,24,正常營運,八德路四段847號(對側),
松山區,撫遠街403巷,14,19,33,正常營運,撫遠街403巷4號對側,
松山區,基六號疏散門,16,16,33,正常營運,基六號疏散門旁,
松山區,民權三民路口,6,14,20,正常營運,民權東路與三民路口北側,
松山區,民權運動公園(北側),3,27,30,正常營運,民權運動公園北側人行道,
松山區,中崙高中停車場,10,15,25,正常營運,光復北路11巷81號對側,
松山區,光復延壽街口(西北側),2,20,23,正常營運,光復北路238號,
松山區,富錦新東街口(西側),13,0,13,正常營運,富錦街515號前,
松山區,延壽街18巷口,2,15,17,正常營運,延壽街15號(對面),
松山區,民生東路四段97巷,9,17,26,正常營運,民生東路四段97巷4號,
松山區,民生東路五段177巷口,7,12,19,正常營運,民生東路五段167-3號前,
松山區,西松高中地下停車場,1,25,26,正常營運,三民路74巷8號對側,
松山區,民生東路五段69巷,8,9,17,正常營運,民生東路五段69巷23-2號(前),
松山區,民生東路五段137巷6弄口,4,12,16,正常營運,民生東路五段137巷6弄1號西側,
松山區,敦化北慶城街口,23,13,37,正常營運,敦化北路/慶城街,
松山區,南京東路三段338巷口,16,5,21,正常營運,南京東路三段342號,
松山區,民權東路三段175巷口,10,10,20,正常營運,民權東路三段173號前,
松山區,健康路225巷口,8,18,26,正常營運,健康路/健康路225巷,
南港區,南港公園(東新街),8,17,25,正常營運,東新街170巷1號西南側,
南港區,南港公園(福德街),15,41,56,正常營運,福德街383號北側,
南港區,捷運昆陽站(1號出口),15,50,65,正常營運,忠孝東路六段403號,
南港區,忠孝東路六段225巷口,15,20,35,正常營運,忠孝東路六段219號,
南港區,捷運後山埤站(1號出口),30,23,53,正常營運,中坡北路7號東側,
南港區,合樂公園,13,2,15,正常營運,玉成街46號東側,
南港區,合心廣場,17,26,43,正常營運,忠孝東路六段17號東北側,
南港區,成德國中,21,22,44,正常營運,東新街118巷15號南側,
南港區,玉成公園,18,18,36,正常營運,玉成街247號對側,
南港區,研究院舊莊街口,18,12,30,正常營運,舊莊街一段1號西側,
南港區,中研院綜合體育館東側,14,16,30,正常營運,研究院路二段128號(體育館),
南港區,國家生技園區,19,19,38,正常營運,研究院路一段130巷99號(國家生技園區),
南港區,捷運南港展覽館站(5號出口),40,33,73,正常營運,研究院路一段1號(5號出口),
南港區,中研公園,30,24,54,正常營運,研究院路二段12巷58弄9號西側,
南港區,福山公園,22,33,55,正常營運,福山街44巷27號東南側,
南港區,舊莊區民活動中心,19,21,40,正常營運,舊莊街一段91巷11號西南側,
南港區,凌雲市場,17,18,35,正常營運,研究院路三段68巷9號北側,
南港區,市民大道八段532號,13,17,30,正常營運,市民大道八段532號北側,
南港區,捷運南港軟體園區(2號出口),15,55,70,正常營運,經貿二路183號(2號出口),
南港區,南港國小,24,34,59,正常營運,惠民街67號東南側,
南港區,興中立體停車場(興中路),13,13,26,正常營運,興中路44巷1號東側,
南港區,臺北市立圖書館南港分館,37,3,40,正常營運,南港路一段350號,
南港區,東陽公園,19,37,56,正常營運,重陽路125巷34號東側,
南港區,向陽南港路口,6,38,44,正常營運,向陽路49號北側,
南港區,南港車站(忠孝東路七段415巷),4,7,11,正常營運,忠孝東路七段510號西北側,
南港區,捷運南港站(2號出口),8,15,23,正常營運,忠孝東路七段380號(2號出口),
南港區,捷運南港站(1號出口),15,5,20,正常營運,忠孝東路七段380號(1號出口),
南港區,東新國小,3,23,29,正常營運,興南街25號對面,
南港區,中華科技大學,11,9,20,正常營運,研究院路三段246號東側,
南港區,六福公園,11,8,19,正常營運,研究院路二段35巷23弄25號北側,
南港區,南港加壓站,12,12,24,正常營運,研究院路二段3巷1號西側,
南港區,臺北流行音樂中心(南港路),12,9,21,正常營運,南港路二段200-1號南側,
南港區,興南公園,19,7,26,正常營運,重陽路269號南側,
南港區,臺北流行音樂中心(市民大道),12,20,32,正常營運,市民大道八段99號,
南港區,南港車站(市民大道),20,10,30,正常營運,南港路一段313號(市民大道),
南港區,忠孝東路七段527巷口,6,20,26,正常營運,忠孝東路七段552號,
南港區,南港軟體園區(新民街),4,21,25,正常營運,新民街15號北側,
南港區,世貿公園,15,36,51,正常營運,經貿二路188-1號,
南港區,凌雲五村(研究院路三段8巷),11,15,26,正常營運,研究院路三段10巷1號東側,
南港區,新新公園(昆陽街60巷),11,9,20,正常營運,南港路三段47巷8號南側,
南港區,南港高中(昆陽街),23,3,26,正常營運,昆陽街58號東側,
南港區,南港路三段290巷口,2,18,20,正常營運,南港路三段314巷20號,
南港區,南港路三段220巷口,21,4,25,正常營運,南港路三段133號,
南港區,南港東新街口,21,7,28,正常營運,東新街4號東側,
南港區,八德中坡路口,0,46,46,正常營運,八德路四段873號,
南港區,捷運後山埤站(3號出口),7,14,21,正常營運,玉成街150號,
南港區,玉成公園運動中心,12,14,26,正常營運,中坡南路19號,
南港區,百福公園,10,14,25,正常營運,福德街309巷7號南側,
南港區,南湖大橋(經貿二路255巷),13,7,20,正常營運,經貿二路255巷1號,
南港區,園區重陽路口,3,18,21,正常營運,重陽路458號西側,
南港區,南港車站B棟(市民大道),17,7,24,正常營運,忠孝東路七段359號(市民大道),
南港區,胡適公園,18,7,25,正常營運,研究院路二段/研究院路二段132巷北側,
南港區,南港抽水站,11,9,20,正常營運,重陽路505號,
南港區,經貿公園,10,10,20,正常營運,經園街58號北側,
南港區,育成高中,17,16,33,正常營運,惠民街71號西側,
南港區,捷運南港展覽館站(7號出口),14,28,42,正常營運,富康街1巷16弄2號東側,
南港區,力行橋(南港),1,17,18,正常營運,研究院路一段101巷16弄2號南側,
南港區,舊莊國小(舊莊街一段),8,10,18,正常營運,舊莊街一段/舊莊街一段145巷口,
南港區,向陽公園,5,19,24,正常營運,成功路一段76號對側,
南港區,小彎社會住宅,26,24,51,正常營運,向陽路258巷/重陽路39巷口(西南側),
南港區,捷運南港展覽館站(6號出口),10,15,25,正常營運,南港路一段28號旁,
南港區,捷運南港展覽館站(4號出口),10,29,39,正常營運,南港路一段32號(4號出口),
南港區,成德綠地,11,5,17,正常營運,東新街65號東南側,
南港區,南港公園(東新街170巷),0,16,16,暫停營運,東新街170巷63號對側,
南港區,中坡市民路口(東北側),9,17,27,正常營運,中坡北路/市民大道七段路口(東北側),
南港區,昆陽公園,10,4,14,正常營運,昆陽街173號對側,
南港區,南港路二段178巷口,6,12,18,正常營運,南港路二段 / 南港路二段178巷口(北側),
南港區,南港車站(忠孝東路),17,7,24,正常營運,忠孝東路七段/興中路(西北側),
南港區,南港車站(興華路),17,31,48,正常營運,興華路/市民大道八段路口西北側人行道,
南港區,玉成公園(成福路178巷口),8,34,43,正常營運,成福路178巷8號對側,
南港區,玉東公園(東新街),7,18,25,正常營運,東新街/市民大道七段(北側),
南港區,南港出租國宅社區,3,22,25,正常營運,福德街373巷80號前,
南港區,成福路197巷口,4,10,15,正常營運,成福路197巷/成福路,
南港區,南港疏散門(基三號疏散門),17,7,24,正常營運,松河街398號對側,
南港區,成德立體停車場,13,1,17,正常營運,成福路/東新街80巷10弄,
南港區,南港展覽館2館,6,12,18,正常營運,經貿二路/南港路一段(西北側),
南港區,舊莊派出所,7,8,15,正常營運,舊莊街一段/舊莊街一段215巷,
南港區,南港路三段80巷,3,12,15,正常營運,南港路三段/南港路三段80巷,
南港區,捷運昆陽站(4號出口),6,22,28,正常營運,忠孝東路六段465號,
南港區,忠孝東路六段278巷口,7,7,14,正常營運,忠孝東路/忠孝東路六段278巷,
南港區,中研院人文社會科學館,11,19,30,正常營運,研究院路二段128號(人文社會科學館),
南港區,南港路三段130巷口,9,3,12,正常營運,松河街380號對側,
南港區,南港路三段190巷口,4,12,16,正常營運,松河街358號對側,
南港區,忠孝東路六段212巷口,7,8,15,正常營運,忠孝東路六段226號前,
南港區,新富公園,6,6,12,正常營運,富康街47巷2號對側,
南港區,東新街63巷口,11,4,15,正常營運,東新街/東新街63巷,
南港區,中興公園,9,6,15,正常營運,研究院路二段70巷10弄/研究院路二段98巷,
南港區,向陽市民大道路口(西北側),8,21,29,正常營運,向陽路/市民大道七段,
南港區,向陽南港路口(西北側),4,22,26,正常營運,南港路二段312號,
南港區,研究院路一段151巷口,7,7,14,正常營運,研究院路1段151巷18號前,
南港區,興中重陽路口,1,23,24,正常營運,興中路/重陽路,
南港區,中研院近代史研究所研究大樓,15,1,16,正常營運,中研院近代史研究所研究大樓,
南港區,中研院人文社會科學研究中心,11,5,16,正常營運,中研院人文社會科學研究中心,
南港區,中研院生態時代館,10,6,16,正常營運,中研院生態時代館,
南港區,玉成街(中坡北路50巷口),13,7,20,正常營運,玉成街66-9號前,
南港區,東明公園,4,16,20,正常營運,南港路二段60巷16-19號,
南港區,捷運南港軟體園區站(1號出口),17,19,36,正常營運,經貿二路231號前,
南港區,南港花園社區A18,1,12,13,正常營運,福德街與福德街373巷口東南側,
南港區,內湖機廠(港東街),9,11,20,正常營運,經貿一路77號(港東街),
南港區,市民昆陽街口,20,10,30,正常營運,市民大道七段/昆陽街東北側,
南港區,南港機廠(北流),6,14,20,正常營運,北流側忠孝東路七段/南港機廠公車站,
南港區,忠孝東路七段265巷,12,28,40,正常營運,忠孝東路七段265巷,
南港區,昆陽東新街口,4,20,24,正常營運,昆陽街177-179號(旁),
南港區,臺北市捷運局機電工程處,9,11,20,正常營運,經貿一路265號,
南港區,經貿二路105巷口(經貿二路),21,16,37,正常營運,經貿二路131號南側,
南港區,經貿二路105巷口(經貿一路),15,4,20,正常營運,經貿一路168號,
南港區,經貿二路185巷,13,8,21,正常營運,經貿二路185巷56號東側,
南港區,國家生物模式中心,5,14,19,正常營運,研究院路一段130巷111號,
南港區,南港路三段106巷口(中華賓士),18,5,23,正常營運,南港路三段53號,
南港區,中坡松隆路口,20,1,21,正常營運,中坡北路108號,
南港區,成功疏散門,12,8,20,正常營運,松河街480號(對面),
南港區,環保局南港區清潔南港分隊,19,8,27,正常營運,松河街699號(旁),
南港區,重陽公園(興南街),3,17,20,正常營運,興南街91號旁,
南港區,生物技術開發中心,3,18,21,正常營運,研究院路一段130巷107號E棟,
南港區,南港車站C棟(市民大道),12,12,24,正常營運,忠孝東路七段369號(C棟市民大道側),
南港區,新陽綠地,15,9,24,正常營運,興南街160號北側,
南港區,九如公園(凌雲街),3,17,20,正常營運,研究院路二段134巷14號旁公園內,
南港區,捷運南港機廠社會住宅,13,37,50,正常營運,忠孝東路七段2-1號(旁),
南港區,忠孝向陽路口,16,11,27,正常營運,忠孝東路七段2-1號(對面),
南港區,重陽路39巷,8,18,26,正常營運,重陽路39巷66-68號(對面),
信義區,黎忠區民活動中心,1,17,32,正常營運,和平東路三段391巷16號,
信義區,基隆路二段159巷口,3,11,14,正常營運,基隆路二段155號,
信義區,嘉興街175巷口,1,22,23,正常營運,基隆路二段131-4號(前),
信義區,和平東路三段631巷口,14,10,24,正常營運,和平東路三段633號前,
信義區,和平東路三段530巷口,7,18,25,正常營運,和平東路三段530巷口東北側,
信義區,六張犁社會住宅1區,19,60,79,正常營運,信安街50號(對面),
信義區,臺北醫學大學,35,29,64,正常營運,台北醫學大學(吳興街220巷59弄),
信義區,三興公園,10,37,47,正常營運,吳興街118巷35弄28號前方(三興公園),
信義區,松德站,15,53,69,正常營運,松德路300號南側,
信義區,捷運象山站(2號出口),36,26,65,正常營運,信義路五段128號東側,
信義區,象山公園,20,28,48,正常營運,松仁路153巷15號東側,
信義區,松仁路253巷3弄,17,8,25,正常營運,松仁路215巷6號,
信義區,興雅國中,12,6,18,正常營運,松仁路101號東側,
信義區,捷運象山站(1號出口),12,12,24,正常營運,信義路5段152號(1號出口),
信義區,松德路200巷,8,48,57,正常營運,松德路200巷53號北側,
信義區,中全公園,1,33,34,正常營運,虎林街164巷54號北側,
信義區,台北市災害應變中心,31,22,53,正常營運,莊敬路391巷11弄2號(東北側),
信義區,信義運動中心,19,16,35,正常營運,松勤街100號(前),
信義區,捷運台北101/世貿站(3號出口),14,1,15,正常營運,信義路五段16號前,
信義區,景新公園,17,0,17,正常營運,莊敬路239巷12號(對面),
信義區,光復信義路口東南側,4,12,16,正常營運,光復南路485號前方,
信義區,三張犁,23,42,65,正常營運,光復南路455號前方,
信義區,仁愛路四段496巷口,18,40,58,正常營運,仁愛路四段與仁愛路四段496巷口西南側,
信義區,松山工農,23,11,34,正常營運,忠孝東路五段236巷15號(前),
信義區,松友公園,15,24,39,正常營運,信義路六段76巷2弄22號(對面),
信義區,林口公園,18,33,51,正常營運,林口街82號(對面),
信義區,松山家商,20,20,40,正常營運,松山路655號(前),
信義區,永春陂濕地公園,19,21,40,正常營運,松山路721號(對面),
信義區,臺北市政府,46,9,56,正常營運,台北市政府東門(松智路),
信義區,松智松壽路口,10,29,39,正常營運,松智路/松壽路(西北側),
信義區,市府松壽路口,19,9,28,正常營運,市府路/松壽路(東北側),
信義區,市府松高路口,38,14,54,正常營運,市府路/松高路(東南側),
信義區,市民廣場,23,20,44,正常營運,市府路/松壽路(西北側),
信義區,信義廣場(台北101),28,58,90,正常營運,松智路/信義路(東北側),
信義區,捷運台北101/世貿站(5號出口),20,1,21,正常營運,市府路/信義路(西北側),
信義區,春光公園,14,54,68,正常營運,林口街230號(斜對面),
信義區,松仁路121巷口,27,4,31,正常營運,松仁路123號北側,
信義區,福德國小,11,30,42,正常營運,福德街251巷2號對側,
信義區,福德公園,20,15,35,正常營運,大道路與大道路145巷口,
信義區,松高路(信義新天地A4館),16,1,17,正常營運,松高路19號,
信義區,興雅松仁路口,60,5,65,正常營運,松仁路28號北側,
信義區,福祥公園,7,19,26,正常營運,松隆路99號前,
信義區,吳興公車總站,36,20,56,正常營運,松仁路277號南側,
信義區,泰和公園,10,30,40,正常營運,吳興街600巷81號西側,
信義區,興雅國小(基隆路一段37巷),11,16,27,正常營運,基隆路一段83巷9號西側,
信義區,雅祥公園(松信路50巷口),5,14,19,正常營運,松信路61號西側,
信義區,松山車站,32,38,70,正常營運,松山路11號南側,
信義區,五常公園,5,32,37,正常營運,松隆路161號對側,
信義區,永吉松信路口,3,30,35,正常營運,松信路/永吉路西南側人行道,
信義區,三興國小,6,20,26,正常營運,基隆路二段99-1號(前),
信義區,市民松信路口,7,13,20,正常營運,市民大道六段/松信路口(西側),
信義區,松山高中,10,29,42,正常營運,忠孝東路四段599巷36號對側,
信義區,基隆光復路口,2,29,31,正常營運,基隆路二段/光復南路(東北側),
信義區,基隆忠孝路口西南側,6,23,29,正常營運,忠孝東路四段550號,
信義區,泰和里民活動中心,13,11,25,正常營運,松仁路308巷60號,
信義區,捷運後山埤站(2號出口),20,2,22,正常營運,忠孝東路五段800號,
信義區,虎林永吉路口,5,16,21,正常營運,永吉路356號東側,
信義區,永吉公園,23,2,25,正常營運,永吉路326巷66號西側,
信義區,永吉路321巷口,0,19,19,正常營運,永吉路323號西側,
信義區,松山永吉路口,1,19,20,正常營運,松山路166號,
信義區,松山路292巷口,20,0,20,正常營運,松山路279號,
信義區,捷運象山站(3號出口),35,28,63,正常營運,信義路五段/信義路五段91巷口(西北側),
信義區,松德公園,6,61,67,正常營運,松德路168巷20號前,
信義區,世貿三館,26,28,54,正常營運,市府路/松壽路口東南側,
信義區,松德虎林街口,21,8,30,正常營運,松德路79號前,
信義區,富台公園,34,13,47,正常營運,松信路209號旁,
信義區,基隆路一段101巷口,1,31,32,正常營運,基隆路一段109-6號前,
信義區,捷運永春站(2號出口),29,0,30,正常營運,虎林街132巷44號西側,
信義區,吳興街260巷,9,22,32,正常營運,吳興街260巷/吳興街260巷21弄口(東南側),
信義區,松山家商(林口街),6,41,47,正常營運,林口街/福德街口(東南側),
信義區,仁愛逸仙路口,22,14,38,正常營運,仁愛路四段/逸仙路口(西北側),
信義區,信義基隆路口,12,14,26,正常營運,信義路四段393號前,
信義區,捷運台北101/世貿站(2號出口),9,41,52,正常營運,捷運台北101/世貿站(2號出口)(西側),
信義區,吳興街284巷36弄口,9,16,25,正常營運,吳興街284巷36弄24號西側,
信義區,協和祐德高級中學,7,12,20,正常營運,中坡南路51號對側,
信義區,福德國小公車站,4,23,27,正常營運,福德街308號對側,
信義區,松仁路95巷口,49,21,74,正常營運,松仁路/松仁路95巷(東南側),
信義區,臺北南山廣場_1,30,33,68,正常營運,松智路/松廉路(東北側),
信義區,景聯廣場,14,9,23,正常營運,松勤街8號對側,
信義區,景平公園,19,21,41,正常營運,松平路50巷15號對側,
信義區,捷運市政府站(3號出口),59,30,92,正常營運,忠孝東路/松仁路(東南側),
信義區,五分埔公園,15,5,20,正常營運,中坡北路57號旁,
信義區,松仁路305號,10,11,21,正常營運,松仁路/吳興街583巷3弄,
信義區,吳興街394巷口,6,6,12,正常營運,吳興街394巷/吳興街,
信義區,富生公園,9,13,22,正常營運,忠孝東路五段255巷6號旁,
信義區,松勤莊敬路口,3,12,15,正常營運,松勤街/莊敬路,
信義區,松仁松平路口,3,7,10,正常營運,松仁路/松平路,
信義區,信義松德路口,6,17,23,正常營運,信義路五段180號前,
信義區,捷運市政府站(4號出口),18,0,18,正常營運,忠孝東路五段71巷/忠孝東路五段31巷18弄,
信義區,吳興街284巷(廣安宮),5,10,15,正常營運,吳興街284巷23號對側,
信義區,景勤二號公園(西南側),2,19,22,正常營運,信安街67巷/信安街口東南側,
信義區,克勤新村,35,5,40,正常營運,信安街67巷75號對側,
信義區,和平東路三段291號,1,19,20,正常營運,和平東路三段291號前,
信義區,永吉路468巷口,2,11,13,正常營運,永吉路478號前,
信義區,廣慈博愛園區(西側),17,6,23,正常營運,福德街84巷15號對側,
信義區,和平東路三段341巷口,0,50,50,暫停營運,和平東路三段341巷63號對側,
信義區,革新公園,6,12,18,正常營運,松隆路36號對側,
信義區,黎雙公園,1,16,17,正常營運,信安街103巷/吳興街284巷22弄,
信義區,臺北文化體育園區辦公大樓,11,22,33,正常營運,忠孝東路四段545號,
信義區,捷運國父紀念館站(5號出口),2,21,23,正常營運,光復南路200號對側,
信義區,光復南菸廠路口,10,15,25,正常營運,光復南路76號對側,
信義區,中坡北永吉路口,8,7,15,正常營運,中坡北路35號前,
信義區,松仁路281巷66弄,7,12,20,正常營運,松仁路281巷66弄14號,
信義區,基隆市民路口,8,18,26,正常營運,基隆路一段3號前方橋下空間,
信義區,松仁路253巷4弄口,7,15,22,正常營運,松仁路253巷4弄1號前,
信義區,松德路169巷口,11,24,35,正常營運,松德路169巷23號對側,
信義區,吳興新村,3,18,22,正常營運,吳興街156巷25弄17號旁公園,
信義區,松山文創園區(一號倉庫),5,14,19,正常營運,菸廠路一號倉庫(光復南路133號),
信義區,永吉路187巷口,0,16,16,正常營運,永吉路189號旁,
信義區,仁愛路四段512巷,5,11,16,正常營運,仁愛路四段512巷6號對側,
信義區,信安街/富陽街44巷口,0,21,21,正常營運,信安街151號(前),
信義區,吳興公園,4,16,20,正常營運,吳興街432巷與吳興街450巷6弄口,
信義區,逸仙松高路口,15,10,25,正常營運,逸仙路與松高路口,
信義區,光復仁愛路口,18,7,25,正常營運,仁愛路四段/光復南路(東北側),
信義區,信義松智路口(東南側),34,16,51,正常營運,信義路五段100-1號(前),
信義區,松山家商(東側),7,17,24,正常營運,松山路675之75號對側,
信義區,松山松隆路口,15,3,18,正常營運,松山路與松隆路口西北側,
信義區,松智松平路口,1,14,16,正常營運,松智路/松平路口東南側,
信義區,象山公園(松勤街140巷),20,9,29,正常營運,松勤街150號前,
信義區,永吉路120巷15弄口,1,20,21,正常營運,永吉路120巷12號,
信義區,臺北文創大樓(菸廠路),22,5,27,正常營運,菸廠路88號(靠近松山文創園區 五號倉庫),
信義區,松德路25巷口,3,15,18,正常營運,松德路17號前,
信義區,國家鐵道博物館,29,11,40,正常營運,市民大道五段48號,
信義區,六張犁社會住宅2區,34,12,48,正常營運,吳興街15巷/吳興街15巷46弄,
信義區,莊敬路341巷3弄,8,3,12,正常營運,莊敬路341巷27號,
信義區,信義國中,2,27,30,正常營運,松仁路153號(對側),
萬華區,德昌寶興街口(西北角),6,7,14,正常營運,寶興街186號(前),
萬華區,寶興長泰街口(西南角),1,16,17,正常營運,寶興街/長泰街(西南側),
萬華區,萬大路486巷口,1,9,10,正常營運,萬大路482號(旁),
萬華區,國興中華路口,11,11,22,正常營運,國興路2號前,
萬華區,古亭國中,18,33,51,正常營運,中華路二段465號對側,
萬華區,國興水源路口,20,3,23,正常營運,國興路1巷15號對側,
萬華區,青年公園高爾夫球場,11,14,25,正常營運,國興路42號對側,
萬華區,國興青年路口,8,43,51,正常營運,國興路與青年路口西南側,
萬華區,青年公園棒球場,2,25,28,正常營運,青年路66號對側,
萬華區,青年公園籃球場,12,12,24,正常營運,青年公園籃球場南側,
萬華區,復華花園新城,0,0,32,暫停營運,西藏路119號前,
萬華區,新和國小,9,11,20,正常營運,萬大路277巷37弄1號東側,
萬華區,莒光郵局,11,11,22,暫停營運,莒光路210號前,
萬華區,莒光立體停車場,6,4,10,正常營運,莒光路137號前,
萬華區,艋舺大道146巷口,6,8,14,正常營運,艋舺大道142號前,
萬華區,東園國小,11,22,33,正常營運,東園街199號前方,
萬華區,華中疏散門,7,5,12,正常營運,環河南路三段371號前,
萬華區,錦德公園,1,19,29,正常營運,德昌街243號前,
萬華區,忠德公園,5,14,19,正常營運,東園街66巷20弄27號前,
萬華區,華江高中,30,20,50,正常營運,東園街35巷14號對側,
萬華區,西園艋舺路口,31,33,64,正常營運,西園路二段與艋舺大道口西南側,
萬華區,雙園國中,2,21,24,正常營運,西園路二段320巷與興義街口,
萬華區,長順區民活動中心,14,11,26,正常營運,長順街127號前,
萬華區,萬華安居社會住宅A區,5,20,25,正常營運,環河南路二段250巷25弄2號對側,
萬華區,華江八號公園,10,10,20,正常營運,環河南路二段216號旁,
萬華區,環河南雙園街口,11,10,21,正常營運,環河南路二段282號前,
萬華區,大理高中,19,16,35,正常營運,環河南路二段與西藏路口東側,
萬華區,糖廍文化園區,12,6,18,正常營運,大理街177號對側,
萬華區,兩棵樹公園,12,7,19,正常營運,艋舺大道與大理街160巷20弄口東側,
萬華區,萬華青年公宅,11,12,23,正常營運,青年路188號前,
萬華區,開封西寧路口,11,82,94,正常營運,西寧南路12號(對面),
萬華區,峨眉停車場,27,19,47,正常營運,峨眉街83號(旁),
萬華區,長沙公園,12,25,37,正常營運,環河南路一段280-1號(對面),
萬華區,貓公園(中興橋頭),11,5,16,正常營運,成都路110號,
萬華區,西本願寺廣場,56,41,99,正常營運,中華路一段164號(前),
萬華區,中華桂林路口,31,3,34,正常營運,中華路一段與桂林路口西北側,
萬華區,捷運龍山寺站(1號出口),0,11,11,暫停營運,和平西路三段/西園路一段(東北側),
萬華區,龍山國小,11,51,62,正常營運,和平西路三段235號(旁),
萬華區,華西公園,17,34,51,正常營運,桂林路134號(對面),
萬華區,老松國小,30,44,74,正常營運,康定路238號(對面),
萬華區,萬華火車站,12,64,78,正常營運,艋舺大道83號(前),
萬華區,萬華火車站(D2廣場),19,23,42,正常營運,康定路/康定路287巷(東南側),
萬華區,捷運龍山寺站(3號出口),23,16,40,正常營運,和平西路三段/和平西路三段88巷(西南側),
萬華區,臺北市電影主題公園(峨眉街),9,11,20,正常營運,峨眉街100號(對面),
萬華區,臺北市電影主題公園(康定路),6,9,15,正常營運,康定路18-2號(對面),
萬華區,中華峨眉街口,18,6,24,正常營運,中華路一段130號(前),
萬華區,萬華266號綠地,1,18,19,正常營運,康定路81號(對面),
萬華區,萬大國小(萬大路344巷口),11,11,22,正常營運,萬大路346號(旁),
萬華區,德昌街10巷口,7,10,17,正常營運,德昌街15號(對面),
萬華區,環河南和平西路口,2,18,20,正常營運,環河南路一段/和平西路三段口(西南側),
萬華區,長順街60巷口,9,6,15,正常營運,長順街60巷38號對側,
萬華區,西園公園,3,11,14,正常營運,東園街35巷/東園街67巷交叉口,
萬華區,華江污水廠,7,13,20,正常營運,桂林路246巷66號南側,
萬華區,柳鄉公園,6,28,34,正常營運,環河南路二段100巷15號對側,
萬華區,綠堤社區公園,4,24,28,正常營運,大理街170巷與環河南路二段159巷口,
萬華區,長順艋舺大道口,9,17,26,正常營運,長順街與雙園街106巷口,
萬華區,富民路145巷口,11,5,18,正常營運,富民路151號對側,
萬華區,環南綜合市場,13,13,26,正常營運,環河南路二段245號旁,
萬華區,龍山國中,14,0,15,正常營運,南寧路與廣州街口南側,
萬華區,洛陽停車場,0,22,22,暫停營運,昆明街與洛陽街口西側,
萬華區,桂林昆明街口,16,12,29,正常營運,桂林路與昆明街口西北側,
萬華區,萬華國中_1,6,30,36,正常營運,西藏路 / 莒光路299巷口(東南側),
萬華區,青年公園3號出口,27,18,46,正常營運,青年路/青年路106巷(東側),
萬華區,捷運龍山寺站(1號出口)_1,0,0,11,暫停營運,和平西路三段/和平西路三段109巷(西北側),
萬華區,莒光社會住宅,4,26,30,正常營運,萬大路與興寧街66巷22弄口西北側,
萬華區,艋舺西藏路口,10,20,30,正常營運,艋舺大道與西藏路口西南側(華翠大橋下),
萬華區,萬大路493巷,2,7,10,正常營運,萬大路493巷44號旁,
萬華區,雙園國中地下停車場,7,3,12,正常營運,西園路二段320巷55弄8-10號前,
萬華區,青年路152巷口,8,15,23,正常營運,青年路152巷59號對側,
萬華區,和平西路二段190巷口,2,13,15,正常營運,和平西路二段190巷11號前,
萬華區,萬大路424巷口,8,7,15,正常營運,環河南路三段/萬大路424巷,
萬華區,長泰街52巷口,14,1,15,正常營運,長泰街45號對側,
萬華區,水源青年路口,18,6,24,正常營運,水源路與青年路口北側,
萬華區,青年公園4號出口,5,19,24,正常營運,青年路162號對側人行道,
萬華區,祥安水岸景觀大廈,0,0,15,暫停營運,水源路207之7號前,
萬華區,大理高中(西藏路),25,15,40,正常營運,環河南路二段與西藏路口,
萬華區,綠堤公園(西北側),3,6,9,正常營運,環河南路二段159巷口,
萬華區,艋舺雙園街口,5,9,14,正常營運,艋舺大道404號前方,
萬華區,德昌街125巷口,10,9,19,正常營運,德昌街142號對側,
萬華區,萬青街186號,10,11,21,正常營運,萬青街186號,
萬華區,艋舺大道/西園路140巷口,6,13,20,正常營運,西園路二段140巷79號(旁),
萬華區,龍山國中(廣州街),7,17,24,正常營運,廣州街19號(對面),
萬華區,華江高中(西藏路),16,16,32,正常營運,西藏路213號(旁),
萬華區,新和國小(中華路二段416巷),9,10,19,正常營運,中華路二段416巷21號(對面),
萬華區,環南綜合市場(西藏路),11,4,15,正常營運,環河南路二段245號(西藏路側),
萬華區,萬華青年社會住宅(青年路168巷49弄),16,4,20,正常營運,青年路168巷49弄21號(旁),
萬華區,萬華51號公園,7,5,14,正常營運,西園路一段167號對側公園,
萬華區,萬華區公所(大理街),10,14,26,正常營運,大理街42之6號對側,
萬華區,環河南路一段350巷口,7,8,15,正常營運,環河南路一段350巷/環河南路二段,
萬華區,萬華安居社會住宅B區,24,8,32,正常營運,環河南路二段250巷17弄1號(對面),
萬華區,青年公園(西藏路125巷口),3,15,18,正常營運,青年路50號對面,
萬華區,漢口街二段53巷口,0,19,19,正常營運,漢口街二段53號,
萬華區,環河福德宮,5,21,27,正常營運,桂林路246巷/桂林路244巷,
萬華區,崇仁花園(萬大路423巷),11,9,20,正常營運,萬大路423巷52號,
萬華區,復華花園新城東側,14,18,32,正常營運,西藏路107號之1號,
臺大公館校區,臺大水源舍區A棟,9,27,37,正常營運,汀洲路三段60巷2弄路側(A舍北側),
臺大公館校區,臺大卓越研究大樓,16,76,92,正常營運,臺大水源舍區C南側,
臺大公館校區,臺大水源修齊會館,2,32,35,正常營運,思源街16號之1旁,
臺大公館校區,臺大檔案展示館,8,2,10,正常營運,臺大檔案展示館東北側,
臺大公館校區,臺大水源舍區B棟,4,26,30,正常營運,汀洲路三段60巷2弄路側(B舍北側),
臺大公館校區,臺大男八舍東側,0,42,42,正常營運,臺大男八舍東側,
臺大公館校區,臺大禮賢樓東南側,25,10,35,正常營運,臺大禮賢樓東南側,
臺大公館校區,臺大農業陳列館北側,26,1,45,正常營運,農業陳列館北側,
臺大公館校區,臺大管理學院二館北側,29,11,40,正常營運,管理學院二號館北側,
臺大公館校區,臺大土木系館,28,2,30,正常營運,臺大土木工程學系所南側,
臺大公館校區,臺大大一女舍北側,25,27,53,正常營運,臺大女一舍北側,
臺大公館校區,臺大女九舍西南側,23,14,37,正常營運,臺大女九舍西南側,
臺大公館校區,臺大小福樓東側,2,22,31,正常營運,臺大小福樓東側,
臺大公館校區,臺大立體機車停車場,1,26,27,正常營運,基隆路三段/基隆路三段156巷口北側,
臺大公館校區,臺大工綜館南側,16,9,26,正常營運,臺大工學院東南側,
臺大公館校區,臺大天文數學館南側,21,18,40,正常營運,臺大天文數學館西南側,
臺大公館校區,臺大心理系館南側,19,10,30,正常營運,臺大心理學系南側,
臺大公館校區,臺大樂學館東側,15,13,28,正常營運,臺大文學院西側,
臺大公館校區,臺大農化新館西側,0,10,10,正常營運,臺大生化科技學系西側,
臺大公館校區,臺大五號館西側,32,16,48,正常營運,臺大生物系館西側,
臺大公館校區,臺大舊體育館西側,31,1,33,正常營運,臺大田徑場東側,
臺大公館校區,臺大共同教室北側,30,37,68,正常營運,臺大共同教學館東北側,
臺大公館校區,臺大共同教室東南側,12,0,12,正常營運,臺大共同教學館東南側,
臺大公館校區,臺大鹿鳴堂東側,8,31,39,正常營運,臺大鹿鳴廣場人行道側,
臺大公館校區,臺大公館停車場西北側,6,6,12,正常營運,臺大公館停車場西北側,
臺大公館校區,臺大第二行政大樓南側,21,6,27,正常營運,臺大行政大樓西側,
臺大公館校區,臺大明達館機車停車場,0,28,28,正常營運,臺大明達館西側,
臺大公館校區,臺大二號館,3,7,10,正常營運,臺大物理文物廳北側,
臺大公館校區,臺大凝態館南側,11,9,20,正常營運,臺大物理系館南側,
臺大公館校區,臺大社科院西側,13,27,42,正常營運,臺大社科院西側,
臺大公館校區,臺大社會系館南側,23,40,66,正常營運,臺大社會及社工館南側,
臺大公館校區,臺大思亮館東南側,16,10,26,正常營運,臺大思亮館東南側,
臺大公館校區,臺大椰林小舖,16,31,48,正常營運,臺大椰林小舖旁,
臺大公館校區,臺大計資中心南側,32,21,54,正常營運,臺大計算機網路資訊中心南側,
臺大公館校區,臺大原分所北側,8,4,12,正常營運,臺大原子與分子科學研究所東北側,
臺大公館校區,臺大生命科學館西北側,13,17,30,正常營運,臺大動物博物館西側,
臺大公館校區,臺大第一活動中心西南側,21,27,48,正常營運,第一學生活動中心東南側,
臺大公館校區,臺大博理館西側,18,3,22,正常營運,臺大博理館西側,
臺大公館校區,臺大博雅館西側,55,1,56,正常營運,臺大博雅館西側,
臺大公館校區,臺大森林館北側,8,2,10,正常營運,臺大森林系學系北側,
臺大公館校區,臺大一號館,7,11,19,正常營運,臺大植物魚類標本館一號館北側,
臺大公館校區,臺大小小福西南側,8,1,10,正常營運,臺大進修教育大樓,
臺大公館校區,臺大教研館北側,6,20,26,正常營運,臺大雅頌廣場東南側,
臺大公館校區,臺大四號館東北側,9,1,10,正常營運,臺大園藝暨景觀學系北側,
臺大公館校區,臺大新生教室南側,6,12,18,正常營運,臺大新生教學館南側,
臺大公館校區,臺大鄭江樓北側,3,36,40,正常營運,臺大鄭江樓東南側,
臺大公館校區,臺大電機二館東南側,4,10,14,正常營運,臺大電機二館南側,
臺大公館校區,臺大圖資系館北側,23,28,51,正常營運,臺大圖書資訊館北側,
臺大公館校區,臺大總圖書館西南側,24,6,30,正常營運,臺大圖書館西南側,
臺大公館校區,臺大黑森林西側,10,25,35,正常營運,臺大霖澤館南側,
臺大公館校區,臺大獸醫館南側,0,24,24,正常營運,臺大獸醫系館南側,
臺大公館校區,臺大新體育館東南側,33,15,51,正常營運,臺大體育館東南側,
臺大公館校區,臺大明達館北側(員工宿舍),4,14,18,正常營運,明達館北側前空地,
臺大公館校區,臺大管理學院一館,15,2,17,正常營運,臺大管理學院一館前,
臺大公館校區,臺大禮賢樓西側,16,20,36,正常營運,臺大禮賢樓西側空地,
臺大公館校區,臺大大一女餐廳廣場,17,13,40,正常營運,臺大大一女餐廳廣場後方,
臺大公館校區,臺大學新館,17,15,33,正常營運,臺大學新館旁,
臺大公館校區,臺大水源舍區C棟,3,96,99,正常營運,臺大水源舍區C棟西側,
臺大公館校區,臺大人文館,30,37,67,正常營運,臺大人文館東北側,
臺大公館校區,臺大數學研究中心(東側),21,41,62,正常營運,臺大數學研究中心東側,
